12 DE OCTUBRE",2317
"17 DE AGOSTO",2924
"1 DE MAYO",3447
"20 DE SETIEMBRE",3435
"25 DE MAYO (PROV.  BUENOS AIRES)",2345
"25 DE MAYO (PROV.  MENDOZA)",260
"25 DE MAYO (PROV.  MISIONES)",3755
"28 DE JULIO (PROV.  CHUBUT, DTO. GAIMAN)",280
"28 DE NOVIEMBRE",2902
"2 DE MAYO",3755
"30 DE AGOSTO",2392
"9 DE JULIO (PROV.  BUENOS AIRES)",2317
"9 DE JULIO (PROV.  CORRIENTES)",3777
"9 DE JULIO (PROV.  MISIONES)",3751
"9 DE JULIO (PROV.  SAN JUAN)",264
"AARON CASTELLANOS",3382
"ABASTO",221
"ABBOTT",2271
"ABRALAITE",3887
"ABRA PAMPA",3887
"ACEBAL",3469
"ACEVEDO",2477
"ACHERAL",3863
"ACHIRAS",3582
"ADELIA MARIA",3585
"ADOLFO GONZALEZ CHAVES",2983
"ADOLFO VAN PRAET",2331
"AERODROMO SAUCE VIEJO",342
"AGRELO",261
"AGUA CALIENTE (PROV.  JUJUY, DTO. COCHINOCA )",3888
"AGUA CALIENTE (PROV. JUJUY, DTO. EL CARMEN)",388
"AGUADA CHACAYCO",2948
"AGUADA GUZMAN ",298
"AGUA DE LAS PIEDRAS",3525
"AGUA DEL CRISPIN",3542
"AGUA DE ORO (PROV. CORDOBA, DTO. COLON)",3525
"AGUA DE ORO (PROV. CORDOBA, DTO. RIO SECO)",3522
"AGUA ESCONDIDA",260
"AGUA HEDIONDA",3521
"AGUARA GRANDE",3408
"AGUARAY",3873
"AGUAS BLANCAS",3878
"AGUAS DE RAMON",3549
"AGUAY",3773
"AGUILARES",3865
"AGUSTINA",236
"AGUSTIN ROCA",236
"AGUSTONI",2302
"AIMOGASTA",3827
"ALBA POSSE",3755
"ALBARELLOS",3402
"ALBERTI",2346
"ALCARAZ",3438
"ALCARAZ SEGUNDO",3438
"ALCIRA",358
"ALCORTA",3465
"ALDAO",3476
"ALDEA BELEIRO",2903
"ALDEA BRASILERA",343
"ALDEA EIGENFELD",343
"ALDEA EPULEF",2945
"ALDEA ESCOLAR",2945
"ALDEA MARIA LUISA",343
"ALDEA PROTESTANTE",343
"ALDEA SALTO",343
"ALDEA SAN ANTONIO",3446
"ALDEA SAN RAFAEL",343
"ALDEA SANTA MARIA",343
"ALDEA SPATZENKUTTER",343
"ALDEA VALLE MARIA",343
"ALEJANDRA",3405
"ALEJANDRO KORN",2225
"ALEJANDRO PETION",2226
"ALEJANDRO ROCA",358
"ALEJO LEDESMA",3468
"ALGARROBO",2927
"ALGARROBO DEL AGUILA",2338
"ALICIA",3533
"ALIJILAN",383
"ALLEN",298
"ALMADA",3446
"ALMAFUERTE (PROV.  CORDOBA)",3571
"ALMAFUERTE (PROV.  MISIONES)",3754
"ALPACHIRI (PROV. LA PAMPA)",2953
"ALPACHIRI (PROV. TUCUMAN)",3865
"ALPA CORRAL",358
"ALSINA",3329
"ALTA GRACIA",3547
"ALTA ITALIA",2302
"ALTAMIRANO (PROV.  BUENOS AIRES)",2223
"ALTAMIRANO (PROV.  ENTRE RIOS)",3445
"ALTO ALEGRE",3537
"ALTO COMEDERO",388
"ALTO DE LA SIERRA",3873
"ALTO DEL OLVIDO",261
"ALTO GRANDE",3542
"ALTO JAGUE",3825
"ALTO RIO SENGUER",2945
"ALTOS DE CHIPION",3562
"ALTO VERDE",3865
"ALUMINE",2942
"ALVAREZ",3402
"ALVAREZ DE TOLEDO",2344
"ALVEAR",3772
"AMADORES",383
"AMAICHA DEL VALLE",3892
"AMANA",380
"AMANAO",3835
"AMBA",11
"AMBOY",3546
"AMBROSETTI",3491
"AMBUL",3542
"AMEGHINO",3388
"AMENABAR",3382
"AMERICA",2337
"AMINGA",3827
"AÑATUYA",3844
"ANCAJAN",3854
"ANCAJULI",3892
"ANCASTI",3832
"ANCHORENA",2658
"ANDACOLLO",2948
"ANDALGALA",3835
"ANDRESITO",3757
"AÑELO",299
"ANGASTACO",3868
"ANGELICA",3492
"ANGUA",3782
"ANGUIL",2954
"ANGUINAN",3825
"ANGULOS",3825
"ANILLACO",3827
"ANIMAMA",3868
"ANIZACATE",3547
"ANQUINCILLA",3832
"ANTAJE",385
"ANTILLA",3876
"ANTINACO",3825
"ANTOFAGASTA DE LA SIERRA",3835
"ANTONIO CARBONI",2227
"APARICIO",2983
"APIPE GRANDE",3786
"APOLINARIO SARAVIA",3877
"APOSTOLES",3758
"ARANGUREN",3436
"ARATA",2335
"ARBOLEDAS",2316
"ARCADIA",3865
"ARENALES",3861
"ARENAZA",2355
"AREQUITO",3464
"ARGERICH",2927
"ARGÜELLO",3543
"ARIAS",3468
"ARISTOBULO DEL VALLE",3755
"ARIZONA",2658
"ARMINDA",3469
"ARMSTRONG",3471
"AROCENA",3466
"ARRAGA",385
"ARRAYANAL",3888
"ARRECIFES",2478
"ARRIBEÑOS",2353
"ARROYITO DEL CHOCON",299
"ARROYITO (PROV.  CORDOBA)",3576
"ARROYITO (PROV.  MENDOZA)",2626
"ARROYO AGUIAR",342
"ARROYO ALGODON",353
"ARROYO BARU",3447
"ARROYO CABRAL",353
"ARROYO CEIBAL",3482
"ARROYO CORTO",2923
"ARROYO DE LA VENTANA",2934
"ARROYO DULCE",2477
"ARROYO LOS BERROS",2934
"ARROYO LOS TAPONES",264
"ARROYO RIO CHICO",2945
"ARROYO SECO",3402
"ARRUFO",3491
"ARTEAGA",3467
"ASCENCION",2353
"ASCOCHINGA",3525
"ASPASINCHE",3827
"ASTICA",2646
"ASTRA",297
"ATAHONA",3575
"ATALAYA",2221
"ATALIVA",3493
"ATALIVA ROCA",2954
"ATOCHA",387
"ATOS PAMPA",3546
"AURELIA SUR",3492
"AUSONIA",353
"AVELLANEDA (PROV. CORDOBA)",3521
"AVIA TERAI",364
"AYACUCHO",2296
"AZARA",3758
"AZCUENAGA ",2325
"AZUL",2281
"BAGUAL",2658
"BAHIA AGRADABLE",3546
"BAHIA BLANCA",291
"BAHIA BUSTAMANTE",297
"BAHIA SAN BLAS",2920
"BAHIA TONON",3547
"BAIBIENE",3774
"BAIGORRITA",236
"BAJADA DEL AGRIO",2942
"BAJO CARACOLES",2963
"BAJO CHICO",3547
"BAJO DE LOS CORRALES",3542
"BAJO DE SANTA ROSA",2934
"BAJO HONDO",2932
"BAJO LA ALUMBRERA",3835
"BALCARCE",2266
"BALCOZNA",383
"BALDE",266
"BALDE DE LA PUNTA",3832
"BALDE DE LEYES",264
"BALDE DEL ROSARIO",2646
"BALLESTEROS",353
"BALLESTEROS SUR",353
"BALNEARIA",3563
"BALNEARIO EL CONDOR",2920
"BALNEARIO LAS GRUTAS",2934
"BALNEARIO PEHUEN CO",2921
"BAÑADO DE LOS PANTANOS",3827
"BAÑADO DE OVANTA",383
"BAÑADO DE SOTO",3549
"BANDERA",3857
"BANDERA BAJADA",3855
"BANDERALO",3388
"BARADERO",3329
"BARCENA",388
"BARDA DEL MEDIO",299
"BARDAS BLANCAS",260
"BARRANCA LARGA",3835
"BARRANCAS (PROV.  MENDOZA)",261
"BARRANCAS (PROV.  NEUQUEN)",2948
"BARRANCAS (PROV.  SANTA FE)",3466
"BARREAL",2648
"BARRIO 12 DE JUNIO",381
"BARRIO CASA ROSADA",381
"BARRIO CHACRAMONTE",298
"BARRIO EL CASAL",223
"BARRIO EX ISLA 10",299
"BARRIO LA ARMONIA",223
"BARRIO LA UNION",388
"BARRIO LOS PESCADORES",362
"BARRIO MARIO MOSCONI",298
"BARRIO MI RINCON",237
"BARRIO PARQUE PEÑA",223
"BARRIO PARQUE SICARDI",221
"BARRIO PUENTE CERO",298
"BARRIO QUINTO CUARTEL",264
"BARRIO RUTA  40 EL CERRILLO",264
"BARRIO SAN EDUARDO",223
"BARRIO SAN ESTEBAN",2226
"BARRO NEGRO",3888
"BARTOLOME BAVIO",221
"BASAIL",362
"BASAVILBASO",3445
"BATAN",223
"BATAVIA",2658
"BAUER Y SIGEL",3492
"BAYAUCA",2355
"BEAZLEY",266
"BELEN",3835
"BELLA ITALIA",3492
"BELLA VISTA (PROV. CORDOBA)",3542
"BELLA VISTA (PROV.  CORRIENTES)",3777
"BELLA VISTA (PROV.  SANTA CRUZ)",2966
"BELLA VISTA (PROV.  TUCUMAN)",381
"BELLOCQ",2395
"BELL VILLE",3537
"BELTRAN",385
"BENAVIDEZ",3327
"BENGOLEA",353
"BENITEZ",2346
"BENITO JUAREZ",2292
"BENJAMIN GOULD",3463
"BENJAMIN LAMBERT",3446
"BERABEVU",3465
"BERMEJO",264
"BERNA",3482
"BERNARDO DE IRIGOYEN",3741
"BERNARDO LARROUDE",2302
"BERNASCONI",2925
"BERON DE ASTRADA",3781
"BERROTARAN",358
"BERUTTI",2392
"BIALET MASSE",3541
"BIGAND",3464
"BLANCO ENCALADA",261
"BLANCUNTRE",280
"BLAQUIER",3388
"BOBADAL",3861
"BOCA DEL RIO",3547
"BOCA DEL TIGRE",264
"BOLIVAR",2314
"BOMBAL",3465
"BOMPLAND",3775
"BONIFACIO",2929
"BONPLAND",376
"BORDENAVE",2924
"BOUCHARD",3387
"BOUQUET",3471
"BOUWER",351
"BOVRIL",3438
"BOWEN",2625
"BRAGADO",2342
"BRAHMA",2323
"BREA POZO",3845
"BRINKMANN",3562
"BUENA ESPERANZA",2658
"BUENA VISTA",3835
"BUEN PASTO",2945
"BULNES",3582
"BURRUYACU",3894
"BUSTINZA",3471
"BUTA CO",2948
"BUTALON NORTE",2948
"BUTA RANQUIL",2948
"CAA CATI",3781
"CABANA",3543
"CABILDO",291
"CACHARI",2281
"CACHEUTA",2624
"CACHI",3868
"CACHIRULO",2954
"CACIQUE ARIACAIQUIN",3405
"CADRET",2395
"CAEPE MALAL",2948
"CAFARREÑO",3777
"CAFAYATE",3868
"CAFFERATA",3468
"CAIMANCITO",3886
"CAJON DE CURILEUVU",2948
"CALABACILLAS",345
"CALCHAQUI",3483
"CALCHIN",3573
"CALCHIN OESTE",3532
"CALETA OLIVIA",297
"CALEUFU",2335
"CALILEGUA",3886
"CALINGASTA",2648
"CALLE LARGA",2625
"CAMARONES",297
"CAMILO ALDAO",3468
"CAMINIAGA",3521
"CAMPAMENTOS",263
"CAMPAMENTO VESPUCIO",3873
"CAMPANA",3489
"CAMPANAS",3825
"CAMPICHUELO",3878
"CAMPO ALEGRE",3522
"CAMPO ANDINO",3497
"CAMPO CASTRO",3401
"CAMPO GALLO",3846
"CAMPO GRANDE (PROV.  CORDOBA)",3522
"CAMPO GRANDE (PROV.  MISIONES)",3755
"CAMPO HARDY",3482
"CAMPO LARGO",364
"CAMPO PIAGGIO",3404
"CAMPO QUIJANO",387
"CAMPO RAMON",3755
"CAMPO SANTO",387
"CAMPOS SALLES",336
"CAMPO VIERA",3755
"CAMPS",343
"CAÑADA DE GOMEZ",3471
"CAÑADA DEL MACHADO NORTE",3574
"CAÑADA DEL MACHADO SUR",3573
"CAÑADA DEL SAUCE",3546
"CAÑADA DEL UCLE",3465
"CAÑADA DE LUQUE",3525
"CAÑADA ESCOBAR",385
"CAÑADA HONDA",264
"CAÑADA OMBU",3482
"CAÑADA RICA",3460
"CAÑADA ROSQUIN",3401
"CAÑADA SECA (PROV.  BUENOS AIRES)",3382
"CAÑADA SECA (PROV.  MENDOZA)",260
"CANALEJAS",2625
"CANALS",3463
"CANCHA CARRERA",2902
"CANCHA DE HUINGANCO",2948
"CANDELARIA (PROV.  CATAMARCA)",3832
"CANDELARIA (PROV.  CORDOBA)",3542
"CANDELARIA (PROV.  MISIONES)",376
"CANDELARIA (PROV.  SAN LUIS)",2651
"CANTERAS IGUAZU",3548
"CANTERAS QUILPIO",3549
"CAÑUELAS",2226
"CAPAYAN",383
"CAPIAZUTI",3873
"CAPILLA DE LA CANDELARIA (PROV. CORDOBA, DTO. CRUZ DEL EJE)",3542
"CAPILLA DE LA SAGRADA FAMILIA",3574
"CAPILLA DEL CARMEN",3573
"CAPILLA DEL MONTE",3548
"CAPILLA DE LOS REMEDIOS",3574
"CAPILLA DEL SEÑOR",2323
"CAPILLA DE SITON",3575
"CAPIOVI",3743
"CAPITA MINI",3773
"CAPITAN BERMUDEZ",341
"CAPITAN SARMIENTO",2478
"CAPITAN SOLARI",3725
"CARABELAS",2475
"CARAGUATAY",3751
"CARCARAÑA",341
"CARHUE",2936
"CARILO",2254
"CARLOS BEGUERIE",2227
"CARLOS CASARES",2395
"CARLOS KEEN",2323
"CARLOS MARIA NAON",2317
"CARLOS PELLEGRINI",3401
"CARLOS SALAS",2357
"CARLOS SPEGAZZINI",2274
"CARLOS TEJEDOR",2357
"CARMEN",3462
"CARMEN DE ARECO",2273
"CARMENSA",2625
"CARNERILLO",358
"CAROLINA",2651
"CARPINTERIA (PROV. SAN JUAN)",264
"CARPINTERIA (PROV. SAN LUIS, DTO. JUNIN)",2656
"CARRENLEUFU",2945
"CARRERAS",3465
"CARRILOBO",353
"CARRIZAL OESTE",3825
"CARRO QUEMADO",2338
"CASA DE PIEDRA (PROV. CATAMARCA)",3832
"CASA DE PIEDRA (PROV. LA PAMPA)",298
"CASA GRANDE",3548
"CASALEGNO",3466
"CASAS",3401
"CASAS VIEJAS (PROV. CORDOBA, DTO. COLON)",3549
"CASBAS",2929
"CASEROS",3442
"CASILDA",3464
"CASIRA",3885
"CASPI CORRAL",3855
"CASTELAR",3406
"CASTELLANOS",3492
"CASTELLI",2245
"CASTILLA",2324
"CATAMARCA",383
"CATRIEL",299
"CATRILO",2954
"CATUA",3887
"CAUCETE",264
"CAVANAGH",3468
"CAVIAHUE",2948
"CAVOUR",3496
"CAYASTA",3405
"CAYASTACITO",3497
"CAZADOR ",266
"CAZON",2344
"CEBALLOS",2302
"CEIBALITO",3877
"CEIBAS",3446
"CENTENARIO (PROV.  ENTRE RIOS)",3437
"CENTENARIO (PROV.  NEUQUEN)",299
"CENTENO",3401
"CENTINELA",3758
"CENTRO 25 DE JUNIO",3877
"CERES",3491
"CERRILLOS",387
"CERRITO",343
"CERRO AZUL",376
"CERRO CENTINELA",2945
"CERRO CONDOR",280
"CERRO CORA",376
"CERRO PELADO",3546
"CERRO POLICIA",298
"CERRO WAILE",2948
"CERVANTES",298
"CHABAS",3464
"CHACABUCO",2352
"CHACAICO SUR",2942
"CHACAY OESTE",280
"CHACHARRAMENDI",2952
"CHACRAS DE CORIA",261
"CHAJAN",3582
"CHAJARI",3456
"CHALACEA",3575
"CHALICAN",3886
"CHAMAICO",2331
"CHAMICAL",3826
"CHAÑARITOS",3582
"CHAÑAR LADEADO",3468
"CHAÑARMUYO",3825
"CHAÑAR (PROV. CORRIENTES)",3774
"CHAÑAR (PROV. LA RIOJA)",3826
"CHANCANI",3542
"CHAPANAY",263
"CHAPUA",2948
"CHAPUY",3462
"CHAQUIAGO",3835
"CHARADAI",3721
"CHARATA",3731
"CHARBONIER",3548
"CHARRAS",358
"CHASCOMUS",2241
"CHASICO",291
"CHAUCHILLAS",385
"CHAVARRIA",3773
"CHAZON",353
"CHEPES",3821
"CHICHINALES",298
"CHICLANA",2396
"CHICOANA",387
"CHILECITO",3825
"CHILIBROSTE",3537
"CHILLAR",2281
"CHIMPAY",2946
"CHIVILCOY",2346
"CHOELE CHOEL",2946
"CHOLILA",2945
"CHOROMORO",3862
"CHORRIACA",2948
"CHORRILLOS",3894
"CHOS MALAL",2948
"CHOVET",3465
"CHOYA (PROV. CATAMARCA, DTO. ANDALGALA)",3835
"CHOYA (PROV. SANTIAGO DEL ESTERO)",3854
"CHRISTOPHERSEN",3462
"CHUCUL",358
"CHUCUMA",2646
"CHUMBICHA",383
"CHUÑA",3521
"CHUÑA HUASI",3522
"CHUQUIS",3827
"CIENAGA DE ALLENDE",3544
"CIENAGA DE BRITOS",3542
"CIENAGA DEL CORO",3542
"CIENAGA GRANDE",3885
"CIENAGUITA",264
"CINCO SALTOS",299
"CINTRA",3537
"CLARA",3455
"CLARAZ",2264
"CLARKE",3476
"CLAROMECO",2982
"CLASON",3471
"CLODOMIRA",385
"CLORINDA",3718
"CLUCELLAS",3492
"COBOS",387
"COCHICO  (PROV. MENDOZA)",2625
"COCHICO (PROV. NEUQUEN)",2948
"COCTACA",3887
"COIHAIQUE",2903
"COLALAO DEL VALLE",3892
"COLANA",3835
"COLAN CONHUE (PROV.  CHUBUT)",2945
"COLAN CONHUE (PROV.  RIO NEGRO)",2940
"COLANGÜIL",2647
"COLASTINE",342
"COLAZO",3532
"COLIPILLI",2948
"COLLAGASTA",383
"COLOMBRES",381
"COLONIA 25 DE MAYO",299
"COLONIA ABORIGEN CHACO",364
"COLONIA AGRICOLA CHANQUIN (PROV.  RIO NEGRO, DTO. VALCHETA)",2934
"COLONIA ALBERDI",3755
"COLONIA ALDAO",3493
"COLONIA ALMADA",3532
"COLONIA ALPINA",3857
"COLONIA ALVEAR",343
"COLONIA AURORA",3755
"COLONIA AVIGDOR",3438
"COLONIA AYUI",345
"COLONIA BARGE",3468
"COLONIA BARON",2333
"COLONIA BARRAGAN",223
"COLONIA BELGRANO",3404
"COLONIA BENITEZ",362
"COLONIA BICHA",3493
"COLONIA BISMARCK",3468
"COLONIA BOSSI",3409
"COLONIA BREMEN",3463
"COLONIA BUENA VISTA",3718
"COLONIA CARLOS PELLEGRINI",3773
"COLONIA CAROLINA",3777
"COLONIA CAROYA",3525
"COLONIA CASTELAR",3564
"COLONIA CECILIO ECHAVARRIA",3777
"COLONIA CELLO",3492
"COLONIA CHICA (PROV. LA PAMPA)",299
"COLONIA CLARA",3409
"COLONIA COYUNDA",3576
"COLONIA CUATRO ESQUINAS",3576
"COLONIA DEL VALLE",383
"COLONIA DIEZ DE JULIO",3562
"COLONIA D. MATHEU",3735
"COLONIA DOLORES",358
"COLONIA DORA",3844
"COLONIA EL CARMEN",358
"COLONIA ELENA",260
"COLONIA EL FORTIN",3574
"COLONIA ELIA",3442
"COLONIA ELISA",3734
"COLONIA EL SAUZAL (PROV. LA PAMPA)",299
"COLONIA EL SIMBOLAR",3855
"COLONIA ENSAYO",343
"COLONIA ESTHER",3497
"COLONIA EVITA",3547
"COLONIA FLORA",3472
"COLONIA GARZON",3532
"COLONIA ITALIA",261
"COLONIA LA ARGENTINA",3456
"COLONIA LAS GARCITAS",3725
"COLONIA LAS ROSAS",2622
"COLONIA LA TORDILLA",3576
"COLONIA LIBERTAD",3775
"COLONIA LOS ZAPALLOS",342
"COLONIA LOTE 11",381
"COLONIA / LOTEO NEVOT",261
"COLONIA MADARIAGA",3781
"COLONIA MARGARITA",3492
"COLONIA MARINA",3564
"COLONIA MILESI",3562
"COLONIA NUEVA",343
"COLONIA NUEVA CONETA",383
"COLONIA NUEVA TRINIDAD",3865
"COLONIA PANDO",3782
"COLONIA PASTORIL",370
"COLONIA POPULAR",362
"COLONIA PORTUGALETE",3408
"COLONIA PORVENIR",3777
"COLONIA POZO DEL CHAJA",3576
"COLONIA PROGRESO",3777
"COLONIA PROSPERIDAD",3564
"COLONIA PUJOL",3496
"COLONIA ROSA",3562
"COLONIA SAN ANTONIO",3786
"COLONIA SAN BARTOLOME",3564
"COLONIA SAN FRANCISCO",261
"COLONIA SAN JOSE",342
"COLONIA SAN PEDRO",3562
"COLONIA SANTA MARIA (PROV.  CORDOBA)",3463
"COLONIA SANTA MARIA (PROV.  LA PAMPA)",2952
"COLONIA SANTA ROSA",3878
"COLONIA SARGENTO CABRAL",3782
"COLONIA SERE",2357
"COLONIA SUIZA",261
"COLONIAS UNIDAS",3725
"COLONIA TACURALES",3493
"COLONIA TATACUA",3782
"COLONIA TINCO",3858
"COLONIA TIROLESA",351
"COLONIA TRES DE ABRIL",3777
"COLONIA TRES DE MAYO",261
"COLONIA VEINTICINCO",3467
"COLONIA VICTORIA",3751
"COLONIA VIDELA",3532
"COLONIA VIGNAUD",3562
"COLONIA VILLAFAÑE",370
"COLON (PROV.  BUENOS AIRES)",2473
"COLON (PROV.  ENTRE RIOS)",3447
"COLON (PROV. SAN JUAN)",2648
"COLPES (PROV. CATAMARCA, DTO. AMBATO)",383
"COLPES (PROV. CATAMARCA, DTO. POMAN)",3835
"COMALLO",2940
"COMANDANTE FONTANA",3716
"COMANDANTE FRIAS (PROV. CHACO)",3711
"COMANDANTE LUIS PIEDRA BUENA",2962
"COMANDANTE N. OTAMENDI",2291
"COMECHINGONES",3574
"COMICO",2940
"COMODORO PY",2342
"COMODORO RIVADAVIA",297
"CONA NIYEU",2934
"CONCARAN",2656
"CONCEPCION DE LA SIERRA",3758
"CONCEPCION DEL BERMEJO",364
"CONCEPCION DEL URUGUAY",3442
"CONCEPCION OESTE",383
"CONCEPCION (PROV.  CORRIENTES)",3782
"CONCEPCION (PROV. TUCUMAN)",3865
"CONCORDIA",345
"CONDOR",3887
"CONESA",336
"CONETA",383
"CONFLUENCIA",294
"CONHELLO",2334
"CONLARA",3544
"CONSCRIPTO BERNARDI",3454
"CONSTANZA",3409
"CONTRALMIRANTE CORDERO",299
"CONTROL FORESTAL (PROV.  SAN JUAN, DTO. CAUCETE)",264
"COPACABANA (PROV.  CATAMARCA)",3837
"COPACABANA (PROV.  CORDOBA)",3521
"COPETONAS",2983
"CORANZULI",3887
"CORCOVADO",2945
"CORDOBA",351
"CORDON DEL PLATA",2622
"CORONDA",342
"CORONEL ARNOLD",341
"CORONEL BAIGORRIA",358
"CORONEL BELISLE",2946
"CORONEL BOGADO",3402
"CORONEL BRANDSEN",2223
"CORONEL CHARLONE",3388
"CORONEL CORNEJO",3873
"CORONEL DOMINGUEZ",3402
"CORONEL DORREGO",2921
"CORONEL DU GRATY",3735
"CORONEL FRAGA",3492
"CORONEL GRANADA",2356
"CORONEL HILARIO LAGOS",2331
"CORONEL JUAN SOLA",3878
"CORONEL MOLDES (PROV.  CORDOBA)",3582
"CORONEL MOLDES (PROV.  SALTA)",387
"CORONEL MOLLINEDO",3877
"CORONEL MOM",2346
"CORONEL MON",2346
"CORONEL PRINGLES",2922
"CORONEL SUAREZ",2926
"CORONEL VIDAL",2265
"CORPUS",376
"CORRAL DE BUSTOS",3468
"CORRALITO",3571
"CORRAL QUEMADO",3835
"CORREA",3471
"CORRIENTES",379
"CORTADERAS",2656
"CORZUELA",3731
"COSME SUR",3572
"COSQUIN",3541
"COSTA ALEGRE",3573
"COSTA DE ARAUJO",263
"COSTA DEL CHUBUT",2945
"COSTA SACATE",3572
"COTE LAI",3721
"COVUNCO ABAJO",2942
"CRESPO",343
"CRISPI",3406
"CRUCESITAS TERCERA",3435
"CRUZ ALTA",3467
"CRUZ DE CAÑA",3542
"CRUZ DEL EJE",3549
"CRUZ DE PIEDRA",261
"CUATRO CAMINOS",3537
"CUCHA CUCHA",2352
"CUCHILLA",3444
"CUCHILLO CO",2952
"CUCULLU",2325
"CUIPAN",3827
"CULULU",3497
"CURA MALLIN",2948
"CURARU",2357
"CURTIEMBRE",343
"CURUZU CUATIA",3774
"CUSHAMEN",2945
"CUSI CUSI",3885
"CUTRAL CO",299
"DAIREAUX",2316
"DALMACIO VELEZ SARFIELD",353
"DAMIAN MAISONAVE",2331
"DARREGUEIRA",2924
"DARWIN",2946
"DEAN FUNES",3521
"DE LA GARMA",2983
"DEL CAMPILLO",3583
"DEL CARRIL",2344
"DELFIN GALLO",381
"DEL VISO",2320
"DENNEHY",2317
"DERQUI",230
"DESAGUADERO",2626
"DESIDERIO TELO",3821
"DESMOCHADO",3777
"DESPEÑADEROS",3547
"DESVIO ARIJON",342
"DEVOTO",3564
"DIADEMA",297
"DIAMANTE",343
"DIAZ",3466
"DIEGO DE ALVEAR",3382
"DIEGO DE ROJAS",3575
"DIQUE FLORENTINO AMEGHINO",280
"DIQUE LUJAN",348
"DIVISADERO",264
"DIVISORIA  (PROV.  SAN JUAN, DTOS. CAUCETE Y 25 DE MAYO)",264
"DOBLAS",2953
"DOCTOR RICARDO ROJAS",2903
"DOLAVON",280
"DOLL",343
"DOLORES (PROV.  BUENOS AIRES)",2245
"DOLORES (PROV.  CORDOBA)",3548
"DOMINGUEZ",3455
"DOMSELAAR",2225
"DON CRISTOBAL 2DO",3435
"DON CRISTOBAL PRIMERO",3435
"DON EMILIO",3888
"DORILA",2302
"DOS ARROYOS",3754
"DRABLE",3388
"DRAGONES",3878
"DUDIGNAC",2317
"DUFAUR",2923
"DUGGAN",2326
"DUMESMIL",3543
"DURAZNO",3455
"EDUARDO CASTEX",2334
"EGUSQUIZA",3492
"EL "49" (Km. 49)",3856
"EL AGUILAR",3887
"EL ALAMBRADO",260
"EL ALAMITO (PROV. CATAMARCA)",3835
"EL ALAMITO (PROV. NEUQUEN)",2948
"EL ALCAZAR",3751
"EL ALTO (PROV. CATAMARCA, DTO. EL ALTO)",383
"EL ANGOSTO",3885
"EL ARAÑADO",3533
"EL ARAZA",3482
"EL ARBOLITO",2473
"EL AYBAL",3832
"EL BAÑADO ESTE (PROV. CATAMARCA, DTO. CAPAYAN)",383
"EL BAÑADO NORTE",3524
"EL BAÑADO (PROV. CATAMARCA, DTO. LA PAZ)",3832
"EL BAÑADO (PROV.  CORDOBA)",358
"EL BARRIAL",3868
"EL BOLSON (PROV. CATAMARCA)",3835
"EL BOLSON (PROV. RIO NEGRO)",294
"EL BRACHO",381
"EL BRETE",3549
"EL BRILLANTE",3447
"EL CADILLAL",381
"EL CAIN",2940
"EL CAJON",3838
"EL CALAFATE",2902
"EL CANTADERO",380
"EL CARMEN (PROV.  ENTRE RIOS)",3437
"EL CARMEN (PROV.  JUJUY)",388
"EL CARMEN (PROV. MENDOZA)",263
"EL CARRIL",387
"EL CARRIZAL DE ABAJO",261
"EL CARRIZAL DE ARRIBA",261
"EL CHACAY",358
"EL CHALTEN",2962
"EL CHAÑAR",381
"EL CHARCO",3858
"EL CHICAL",261
"EL CHOLAR",2948
"EL CIMARRON",3454
"EL COLORADO",370
"EL CORCOVADO",3546
"EL CRISPIN",3574
"EL CURUNDU",3734
"EL CUY",298
"EL DIA",3388
"EL DIVISADERO",3832
"EL DORADO",2354
"ELDORADO",3751
"EL DURAZNO OESTE",3837
"EL DURAZNO (PROV.  LA PAMPA)",2338
"EL DURAZNO (PROV.  SAN LUIS)",266
"EL DURAZNO SUR",3546
"ELENA",358
"EL ESCORIAL",280
"EL ESPINILLO",3718
"EL FARO",223
"EL FORTIN",3533
"EL FOYEL",294
"EL FUERTE",3888
"EL FUERTECITO",3576
"EL GALPON",3876
"EL HACHERAL",3888
"EL HOYO",294
"EL HUACO",380
"EL HUECU",2948
"ELISA",3498
"EL JARDIN",3876
"EL LINDERO (PROV. CATAMARCA, DTO. ANDALGALA)",3835
"EL LINDERO (PROV. CATAMARCA, DTO. CAPITAL)",383
"EL MAITEN",2945
"EL MANANTIAL",3576
"EL MANSO",294
"EL MANZANO",260
"EL MIRASOL",280
"EL MOJON",3861
"EL MOLLAR",3867
"EL MORENO",388
"EL NIHUIL",260
"ELORDI",3388
"ELORTONDO",3462
"EL PAJONAL",3835
"EL PALENQUE",343
"EL PALMAR",364
"EL PANTANILLO",383
"EL PARAISO",3407
"EL PATO",2229
"EL PEÑON",3835
"EL PERCHEL (PROV. CORDOBA, DTO. PUNILLA)",3544
"EL PERCHEL (PROV. CORDOBA, DTO. TULUMBA)",3521
"EL PERDIDO",2921
"EL PINGO",343
"EL PIQUETE",3888
"EL PLUMERO",263
"EL PORTEZUELO (PROV. CATAMARCA)",383
"EL PORTEZUELO (PROV. LA RIOJA)",3826
"EL POTRERILLO",3825
"EL POTRERO",3835
"EL PUEBLITO",3837
"EL PUESTO",3888
"EL QUEBRACHAL (PROV.  CORDOBA)",351
"EL QUEBRACHAL (PROV.  SALTA)",3877
"EL QUEBRACHO",3437
"EL QUEBRACHO NORTE",3525
"EL QUEMADO",3542
"EL RABON",3482
"EL RASTREADOR",3584
"EL RODEO (PROV.  CATAMARCA)",383
"EL RODEO (PROV.  CORDOBA)",3522
"EL SAUCE SUR",3525
"EL SOBERBIO",3755
"EL SOCORRO",2477
"EL SOMBRERITO",3482
"EL SOMBRERO",379
"EL TALA",3876
"EL TALAR",3886
"EL TIO",3576
"EL TOSTADO",3575
"EL TRAPICHE",266
"EL TREBOL",3401
"EL TRIUNFO",2355
"EL TUSCAL",3521
"ELVIRA",2343
"EL VOLCAN",266
"EL ZAMPAL",2622
"EL ZANJON",385
"EMBAJADOR MARTINI",2335
"EMBALSE",3571
"EMBALSE PICHANAS",3549
"EMBARCACION",3878
"EMILIA",3497
"EMILIO  BUNGE",3388
"EMPALME SAN CARLOS",342
"EMPALME VILLA CONSTITUCION",3400
"EMPEDRADO",379
"ENCRUCIJADAS",3522
"ENRIQUE CARBO",3444
"ENRIQUE URIEN",3735
"ENTRE RIOS",2647
"EPUYEN",2945
"ERIZE",2936
"ERNESTINA",2343
"ESCABA DE ABAJO",3865
"ESCOBAR",348
"ESCUELA EL PANTANO",3548
"ESMERALDA",3492
"ESPARTILLAR",2923
"ESPERANZA (PROV.  SANTA CRUZ)",2902
"ESPERANZA (PROV.  SANTA FE)",3496
"ESPIGAS",2314
"ESPIN",3483
"ESPINILLO",358
"ESQUEL",2945
"ESQUINA (PROV.  CORDOBA)",3574
"ESQUINA (PROV.  CORRIENTES)",3777
"ESQUIU",3832
"ESTACION ALBARDON",264
"ESTACION ANGACO NORTE",264
"ESTACION ARAOZ",3869
"ESTACION ATAMISQUI",3845
"ESTACION BERNARDO IRIGOYEN",3466
"ESTACION CAMET",223
"ESTACION CLUCELLAS",3492
"ESTACION ECHAGUE",3445
"ESTACION GOMEZ",2223
"ESTACION MAZAN",3827
"ESTACION SARMIENTO",3525
"ESTACION VIÑA",2478
"ESTANCIA GRANDE",345
"ESTANCIA GUADALUPE",3542
"ESTANISLAO DEL CAMPO",3716
"ESTEBAN AGUSTIN GASCON",2924
"ESTEBAN RAMS",3491
"EST. GOBERNADOR FEBRE",3435
"ETRURIA",353
"EUGENIO BUSTOS",2622
"EUSEBIA",3493
"FACUNDO",2903
"FALDA DEL CARMEN",3547
"FALUCHO",2331
"FAMAILLA",3863
"FAMATINA",3825
"FATIMA",230
"FEDERACION",3456
"FEDERAL",3454
"FELICIA",3496
"FELIPE SOLA",2925
"FELIPE YOFRE",3773
"FERNANDEZ",385
"FERRE",2353
"FERREYRA",351
"FIAMBALA",3837
"FIGHIERA",3402
"FINCA PALERMO",3868
"FIRMAT",3465
"FLANDRIA",2323
"FLOR DE ORO",3482
"FLORENCIA",3482
"FOFO CAHUEL",2945
"FONTEZUELA",2477
"FORMOSA",370
"FORRES",385
"FORTIN EL PATRIA",2658
"FORTIN OLAVARRIA",2337
"FORTIN OLMOS",3483
"FORTIN TIBURCIO",2353
"FORTUNA",2658
"FRAGA",2657
"FRAGUEYRO",3582
"FRAILE PINTADO",3886
"FRANCISCO ALVAREZ",237
"FRANCISCO MADERO",2396
"FRANCK",342
"FRAY LUIS BELTRAN (PROV.  MENDOZA)",261
"FRAY LUIS BELTRAN (PROV.  RIO NEGRO)",2946
"FRENCH",2317
"FREYRE",3564
"FRIAS",3854
"FUENTES",3464
"FUENTES DEL COYLE",2902
"FUNDACION PROCORDE NAMUNCURA",2963
"FUNES",341
"GAHAN",2474
"GAIMAN",280
"GALARZA",3756
"GALISTEO",3493
"GALVEZ",3404
"GANCEDO",3731
"GAN GAN",280
"GAONA",3877
"GARABATO",3482
"GARABI (PROV. CORRIENTES)",3758
"GARDEY",249
"GARIBALDI",3406
"GARIN",348
"GARRE",2929
"GARRUCHOS (PROV. CORRIENTES)",3758
"GARUHAPE",3743
"GARUPA",376
"GARZA",3855
"GASTRE",280
"GATO COLORADO",3491
"GENERAL ACHA",2952
"GENERAL ALVEAR (PROV.  BUENOS AIRES)",2344
"GENERAL ALVEAR (PROV.  MENDOZA)",2625
"GENERAL ARENALES",2353
"GENERAL BALDISSERA",3468
"GENERAL BALLIVIAN",3878
"GENERAL BELGRANO",2243
"GENERAL B. OHIGGINS",3468
"GENERAL CABRERA",358
"GENERAL CAMPOS (PROV.  ENTRE RIOS)",345
"GENERAL CAMPOS (PROV.  LA PAMPA)",2953
"GENERAL CONESA (PROV.  BUENOS AIRES)",2245
"GENERAL CONESA (PROV.  RIO NEGRO)",2931
"GENERAL DEHEZA",358
"GENERAL ENRIQUE MOSCONI",3873
"GENERAL FERNANDEZ ORO",299
"GENERAL FOTHERINGHAM",3571
"GENERAL GALARZA",3444
"GENERAL GELLY (PROV.  SANTA FE)",2477
"GENERAL GUIDO",2268
"GENERAL JOSE DE SAN MARTIN",3725
"GENERAL LAGOS",3402
"GENERAL LAMADRID",2286
"GENERAL LAS HERAS",220
"GENERAL LAVALLE (PROV.  BUENOS AIRES)",2252
"GENERAL LAVALLE (PROV.  SANTIAGO DEL ESTERO)",3854
"GENERAL LEVALLE",3385
"GENERAL LUCIO V. MANSILLA",370
"GENERAL MADARIAGA",2267
"GENERAL MANUEL BELGRANO",3716
"GENERAL MOSCONI",3711
"GENERAL PAZ",3525
"GENERAL PICO",2302
"GENERAL PINEDO",3731
"GENERAL PINTO",2356
"GENERAL PIRAN",2265
"GENERAL PIZARRO",3877
"GENERAL RACEDO",343
"GENERAL RAMIREZ",343
"GENERAL RIVAS",2324
"GENERAL ROCA (PROV.  CORDOBA)",3472
"GENERAL ROCA (PROV.  RIO NEGRO)",298
"GENERAL RODRIGUEZ",237
"GENERAL ROJO",336
"GENERAL SAN MARTIN",2925
"GENERAL SOLER",3583
"GENERAL VEDIA",362
"GENERAL VIAMONTE",3463
"GENERAL VILLEGAS",3388
"GERMANIA",2356
"GESSLER",3404
"GILBERT",3446
"GLEW",2224
"GOBERNADOR CANDIOTI",342
"GOBERNADOR CASTRO",3329
"GOBERNADOR COSTA",2945
"GOBERNADOR CRESPO",3498
"GOBERNADOR DUVAL",298
"GOBERNADOR GARMENDIA",3894
"GOBERNADOR GREGORES",2962
"GOBERNADOR J. J. LANUSSE",3757
"GOBERNADOR LOPEZ",3754
"GOBERNADOR MARTINEZ",3777
"GOBERNADOR ROCA",376
"GOBERNADOR UGARTE",2346
"GOBERNADOR VIRASORO",3756
"GODEKEN",3465
"GODOY",3460
"GOLPE DE AGUA",3547
"GOMEZ CUE",3756
"GONZALEZ CATAN",2202
"GONZALEZ MORENO",2302
"GONZALO",3862
"GORCHS",2271
"GOROSTIAGA",2346
"GOUDGE",260
"GOYA",3777
"GOYENA",2923
"GRAN CHINA",2647
"GRAND BOURG",2320
"GRANEROS",3891
"GRAN GUARDIA",370
"GREGORIA PEREZ DE DENIS",3491
"GRUTLY SUR",3496
"GUACHIPAS",387
"GUADALUPE NORTE",3482
"GUALEGUAY",3444
"GUALEGUAYCHU",3446
"GUALJAINA",2945
"GUAMINI",2929
"GUANACACHE",264
"GUANACO",2396
"GUANACO MUERTO",3549
"GUANCHIN",3825
"GUANDACOL SUR",3825
"GUARDAMONTE",3445
"GUARDIA ESCOLTA",3857
"GUARDIA MITRE",2920
"GUARDIA VIEJA",3385
"GUASAPAMPA",3542
"GUATIMOZIN",3468
"GUATRACHE",2924
"GUAVIRAVI",3772
"GUAYACASTE",3521
"GUAYAMBA",383
"GUAYQUIRARO",3777
"GUEMES",387
"GUERNICA",2224
"GUERRICO",2477
"GUIÑAZU",351
"HALE",2314
"HASENKAMP",343
"HELVECIA",3405
"HENDERSON",2314
"HERLITZKA",379
"HERMOSO CAMPO",3735
"HERNANDEZ",3435
"HERNANDO",353
"HERRADURA",370
"HERRERA (PROV. ENTRE RIOS)",3442
"HERRERA (PROV. SANTIAGO DEL ESTERO)",3844
"HERSILIA",3491
"HILARIO",2648
"HILARIO ASCASUBI",2928
"HINOJO",2284
"HIPOLITO YRIGOYEN (PROV.  JUJUY)",3887
"HIPOLITO YRIGOYEN (PROV.  MISIONES)",376
"HIPOLITO YRIGOYEN (PROV.  SALTA)",3878
"HIPOLITO YRIGOYEN (PROV.  SAN LUIS)",2651
"HIPOLITO YRIGOYEN (PROV. SANTA CRUZ)",2963
"HOLMBERG",358
"HORMIGUERO",3756
"HOTEL LAS HORQUETAS (PROV. SANTA CRUZ, DTO. RIO CHICO)",2962
"HUACO",2647
"HUALFIN",3835
"HUANCAR",3887
"HUANCHILLA",3584
"HUANGUELEN SUR",2933
"HUAYCAMA",383
"HUERTA DE HUACHI",2647
"HUERTA VIEJA",358
"HUGHES",2473
"HUILLAPIMA",383
"HUINCA RENANCO",2336
"HUINGANCO",2948
"HUMAHUACA",3887
"HUMAITA",345
"HUMBERTO PRIMO",3493
"HUMBOLDT",3496
"IBARLUCEA",341
"IBARRETA",3716
"ICAÑO (PROV. CATAMARCA)",3832
"ICAÑO (PROV.  SANTIAGO DEL ESTERO)",3844
"IDIAZABAL",3537
"IFRAN",3777
"IGLESIA",2647
"IMPIRA",3572
"INDEPENDENCIA",3863
"INDIO RICO",2983
"INES INDART",2474
"INFANZON",383
"ING. BARBET",3734
"INGENIERO CHANOURDIE",3482
"INGENIERO GUILLERMO N. JUAREZ",3711
"INGENIERO HUERGO",298
"INGENIERO JACOBACCI",2940
"INGENIERO LUIGGI",2335
"INGENIERO MASCHWITZ",348
"INGENIERO MAURY",387
"INGENIERO MIGUEL SAJAROFF",3455
"INGENIERO THOMSON",2394
"INGENIO LA ESPERANZA",3888
"INGENIO LA TRINIDAD",381
"ING. ROMULO OTAMENDI",3489
"INRIVILLE",3467
"INTENDENTE ALVEAR",2302
"INTIYACO",3482
"INTI YACO",3546
"IRALA",2352
"IRAZUSTA",3446
"IRENEO PORTELA",3329
"IRIARTE",2354
"IRUYA",3887
"ISCHIGUALASTO",2646
"ISCHILIN",3521
"ISLA DE CANA",3878
"ISLA DEL CERRITO",362
"ISLA DE SAN ANTONIO",3521
"ISLA GRANDE",263
"ISLA MARTIN GARCIA",348
"ISLA VERDE",3468
"ITACARUARE",3754
"ITA IBATE",3781
"ITALO",3387
"ITATI",379
"ITUZAINGO",3786
"JACHAL",2647
"JACINTO ARAUZ",2925
"JACIPUNCO",3835
"JAGUEL DEL MONTE",2338
"JAIME PRATS",2625
"JAMES CRAIK",353
"JARAMILLO",297
"JARDIN AMERICA",3743
"JEPPENER",2223
"JESUS MARIA",3525
"JOAQUIN V. GONZALEZ",3877
"JOCOLI",261
"JOCOLI VIEJO",261
"JOSE C. PAZ",2320
"JOSE DE LA QUINTANA",3547
"JOSE DE SAN MARTIN",2945
"JOSE FERRARI",2221
"JOSEFINA",3492
"JOVITA",3385
"JOYANGO",3835
"JUAN A. PRADERE",2928
"JUAN B. ALBERDI",2354
"JUAN BAUTISTA ALBERDI",3865
"JUAN BERNABE MOLINA",3460
"JUAN DE LA PEÑA",2477
"JUAN E.BARRA",2983
"JUAN JORBA",2657
"JUAN JOSE CASTELLI",364
"JUAN JOSE PASO",2396
"JUAN LLERENA",2655
"JUAN MARIA GUTIERREZ",2229
"JUAN N. FERNANDEZ",2264
"JUAN PUJOL",3775
"JUAREZ CELMAN",351
"JUBILEO",3455
"JUELLA",388
"JULIA DUFAUR",2902
"JUNCAL",2473
"JUNIN DE LOS ANDES",2972
"JUNIN (PROV.  BUENOS AIRES)",236
"JUNIN (PROV.  MENDOZA)",263
"JUSTINIANO POSSE",3537
"JUSTO DARACT",2657
"KILOMETRO 30",3855
"KILOMETRO 691",3574
"LA AGUADA (PROV. CATAMARCA, DTO. ANDALGALA)",3835
"LA AGUADA (PROV. CORDOBA)",358
"LA ANGELITA",2353
"LA ANGOSTURA",3575
"LA ARGENTINA",3542
"LA AURORA",385
"LA BAJADA (PROV. CATAMARCA)",383
"LA BAJADA (PROV. MENDOZA)",263
"LABARDEN",2268
"LA BARRANQUITA",358
"LA BATEA",3549
"LA BOLSA",3547
"LABORDE",3537
"LABORDEBOY",3465
"LA BOTIJA",2651
"LABOULAYE",3385
"LA BRAVA (PROV. BUENOS AIRES)",223
"LA BRAVA (PROV. SANTA FE)",3405
"LA BRIANZA",3585
"LA CABAÑA",2962
"LA CABRAL",3408
"LA CALDERA",387
"LA CALDERILLA",387
"LA CALERA CALAMUCHITA",358
"LA CALERA (PROV.  CORDOBA)",3543
"LA CALERA (PROV.  SAN LUIS)",2651
"LA CAMILA",3498
"LA CAÑADA (PROV. CORDOBA, DTO. RIO SECO)",3522
"LA CAÑADA (PROV. CORDOBA, DTO. TULUMBA)",3521
"LA CANDELARIA",3876
"LA CAPILLA",2225
"LA CARLOTA",3584
"LA CAROLINA",358
"LA CARRERA",383
"LA CAUTIVA",3583
"LA CESIRA (PROV.  CORDOBA)",3382
"LA CHAÑARIENTA",2651
"LA CHIMBERA",264
"LA CHISPA",3462
"LA CIENAGA  (PROV. SALTA)",387
"LA CIENAGA (PROV.  SAN JUAN, DTO. JACHAL)",2647
"LA CLARITA",3447
"LA CLOTILDE",3735
"LA COCHA",3865
"LA COLINA",2286
"LA CONCEPCION",3544
"LA CONSULTA",2622
"LA CORTADERA (PROV.  CORDOBA)",3576
"LA CORTADERA (PROV.  MENDOZA)",260
"LA CRIOLLA (PROV.  ENTRE RIOS)",345
"LA CRIOLLA (PROV.  SANTA FE)",3498
"LA CRUZ (PROV.  CORDOBA)",3546
"LA CRUZ (PROV.  CORRIENTES)",3772
"LA CUADRA",3825
"LA CUMBRE",3548
"LA CUMBRECITA",3546
"LA  DONOSA",3858
"LA DORADA",3832
"LA DORMIDA",263
"LA DULCE",2264
"LA ESCONDIDA",362
"LA ESPERANZA",3522
"LA ESQUINA",358
"LA FALDA",3548
"LAFINUR",2656
"LA FLORIDA",381
"LA FRANCIA",3564
"LA GALLARETA",3483
"LA GILDA",358
"LAGO BLANCO",2903
"LAGO DEL DESIERTO",2962
"LAGO ESPEJO",294
"LAGO FONTANA",2903
"LAGO HUECHULAFQUEN",2972
"LAGO MELIQUINA",2972
"LAGO PUELO",294
"LAGO RIVADAVIA",2945
"LAGO ROCA",2902
"LAGO ROSARIO",2945
"LAGO VINTTER",2945
"LA GRANJA",3525
"LA GRUTA",3837
"LA GUARDIA",3832
"LAGUNA BLANCA (PROV. CHACO)",362
"LAGUNA BLANCA (PROV. FORMOSA)",3718
"LAGUNA BLANCA (PROV. RIO NEGRO)",2940
"LAGUNA BRAVA",379
"LAGUNA DE ROBLES",3894
"LAGUNA GALLO",3718
"LAGUNA LARGA",3572
"LAGUNA LIMPIA",3725
"LAGUNA NAICK NECK",3718
"LAGUNA PAIVA",342
"LAGUNA YEMA",3715
"LAGUNITA SALADA",280
"LA HERRADURA",353
"LA HIGUERA (PROV. CATAMARCA)",383
"LA HIGUERA (PROV. CORDOBA)",3542
"LA HOYADA",3838
"LA HUMADA",2338
"LA JUNTA",260
"LA LAGUNA",353
"LA LEGUA",3583
"LA LEONESA",362
"LA LLAVE NUEVA",260
"LA LOMA",343
"LA LONJA",230
"LA LUCILA",3408
"LAMADRID",3891
"LA MAJADA (PROV. CATAMARCA)",3832
"LA MAJADA (PROV. SAN LUIS)",2651
"LA MAJADITA",2646
"LA MANGA",3888
"LA MAROMA ",2658
"LAMARQUE",2946
"LA MARUJA",2335
"LA MENDIETA",3888
"LA MERCED (PROV.  CATAMARCA)",383
"LA MERCED (PROV.  SALTA)",387
"LANDETA",3406
"LA NIÑA",2317
"LA NORA",260
"LANTERI",3482
"LAPACHITO",362
"LA PAISANITA",3547
"LA PALESTINA",353
"LA PALMERA",261
"LA PAQUITA",3562
"LA PARA",3575
"LA PAYA",3868
"LA PAZ (PROV.  CORDOBA)",3544
"LA PAZ (PROV.  ENTRE RIOS)",3437
"LA PAZ (PROV.  MENDOZA)",2626
"LA PEGA",261
"LA PELADA",3497
"LA PENCA Y CARAGUATA",3498
"LA PICADA",343
"LA PLATA",221
"LA PLAYA",3542
"LA PLAYOSA",353
"LA POBLACION",3544
"LA POSADA",2241
"LA POSTA",3575
"LAPRIDA",2285
"LA PUERTA (PROV.  CATAMARCA)",383
"LA PUERTA (PROV.  CORDOBA)",3575
"LA PUNILLA ",2655
"LA PUNTILLA (PROV. LA RIOJA)",3825
"LA QUENA",3878
"LA QUIACA",3885
"LA QUINTA",3575
"LA RAMADA",381
"LA REDUCCION",381
"LA REFORMA",2338
"LA RICA ",2346
"LA RIOJA",380
"LARRECHEA",3404
"LARROQUE",3446
"LA RUBIA",3491
"LA SABANA",3721
"LAS ACEQUIAS",358
"LA SALADA",2948
"LAS ALBAHACAS",358
"LA SARITA",3482
"LAS ARMAS",2268
"LAS ARRIAS",3522
"LAS AVERIAS",3575
"LAS AVISPAS",3408
"LAS BAJADAS",3571
"LAS BANDURRIAS",3401
"LAS BOLSAS",381
"LAS BREÑAS",3731
"LAS CALLES",3544
"LAS CAÑAS (PROV. CATAMARCA, DTO. SANTA ROSA)",383
"LAS CAÑITAS",358
"LAS CARDITAS",2624
"LAS CASUARINAS",264
"LAS CATITAS",263
"LAS CEJAS",3869
"LAS CHACRITAS",3835
"LAS COLORADAS",2942
"LAS CORTADERAS (PROV. CATAMARCA)",3837
"LAS CORTADERAS (PROV. CORDOBA)",3544
"LAS COSTAS",387
"LAS COTORRAS",2901
"LAS CUATRO ESQUINAS",353
"LAS CUEVAS (PROV.  ENTRE RIOS)",3436
"LAS CUEVAS (PROV.  MENDOZA)",2624
"LAS DOS MARIAS",223
"LA SERRANITA",3547
"LAS ESQUINAS",3832
"LAS FLORES (PROV.  BUENOS AIRES)",2244
"LAS FLORES (PROV.  SAN JUAN)",2647
"LAS GARCITAS",3725
"LAS GARZAS",3482
"LAS GOLONDRINAS (PROV.  CHUBUT)",294
"LAS GRAMILLAS",3576
"LAS HERAS",297
"LAS HIGUERAS",358
"LA SIERRITA (PROV. CORDOBA, DTO. POCHO)",3542
"LA SILLETA",387
"LAS ISLETILLAS",353
"LAS JUNTAS (PROV.  CATAMARCA)",383
"LAS JUNTAS (PROV.  CORDOBA)",3521
"LAS JUNTURAS",3532
"LAS LAGUNAS",264
"LAS LAGUNITAS",3537
"LAS LAJAS (PROV. CATAMARCA)",383
"LAS LAJAS (PROV. NEUQUEN)",2942
"LAS LAJITAS",3877
"LAS LOICAS",260
"LAS LOMITAS",3715
"LAS MADERAS",388
"LAS MALVINAS",260
"LAS MARIANAS",2272
"LAS MARTINETAS",2286
"LAS MOSCAS",3455
"LAS OVEJAS",2948
"LAS PALMERAS",3409
"LAS PALMITAS ESTE",3575
"LAS PALMITAS OESTE",3521
"LAS PALOMITAS",3854
"LAS PAMPAS",2945
"LAS PAMPITAS",3888
"LAS PAREJAS",3471
"LAS PEÑAS NORTE",3524
"LAS PEÑAS SUR",353
"LAS PERDICES",353
"LAS PERLAS",299
"LAS PETACAS",3406
"LAS PIEDRITAS",2266
"LAS PIRQUITAS",383
"LAS PLAYAS",353
"LAS PLUMAS",280
"LAS QUINTAS",358
"LAS ROSAS",3471
"LAS SALADAS",3575
"LAS TAPIAS NORTE",3544
"LAS TEJAS DE ABAJO",383
"LAS TOSCAS (PROV.  BUENOS AIRES)",2355
"LAS TOSCAS (PROV. SANTA FE)",3482
"LAS TUNAS",342
"LAS VARAS",3533
"LAS VARILLAS",3533
"LAS VEGAS",2624
"LAS VERTIENTES",358
"LAS VIOLETAS",261
"LA TIGRA",364
"LA TOMA",2655
"LA TORDILLA",3576
"LA TRAVESIA",3544
"LA TRINIDAD",3865
"LA UNION",3878
"LAVAISSE",2657
"LAVALLE (PROV.  CORRIENTES)",3777
"LAVALLE (PROV.  MENDOZA)",261
"LA VANGUARDIA",3460
"LA VERDE (PROV.  CHACO)",362
"LA VERDE (PROV.  SAN LUIS)",2658
"LA VINA",387
"LA VIOLETA",3329
"LAZO",3444
"LEALES",3863
"LEANDRO N. ALEM (PROV.  BUENOS AIRES)",236
"LEANDRO N. ALEM (PROV.  MISIONES)",3754
"LEHMANN",3492
"LE MARCHAND",2966
"LEON",388
"LEONES",3472
"LEZAMA",2242
"LIBANO",2286
"LIBAROS",3445
"LIBERTAD",220
"LIBERTADOR GENERAL SAN MARTIN",3886
"LICEO",351
"LIEBIG",3447
"LIMA",3487
"LINCOLN",2355
"LISANDRO OLMOS",221
"LLAMBI CAMPBELL",3497
"LOBERIA",2261
"LOBOS",2227
"LOCALIDAD",INDICATIVO
"LOGROÑO",3491
"LOMA ALTA",3404
"LOMA BLANCA",3826
"LOMA VERDE",2223
"LONCOPUE",2948
"LONDRES",3835
"LONQUIMAY",2954
"LOPEZ",3404
"LOPEZ CAMELO",3327
"LORETO",3781
"LOS ALAMOS",387
"LOS ALAZANES",2942
"LOS ALISOS",388
"LOS ALTARES",280
"LOS ALTOS",383
"LOS AMORES",3482
"LOS ANGELES",383
"LOS ANTIGUOS",2963
"LOS BARRIALES",3542
"LOS BERROS",264
"LOS BLANCOS",3878
"LOS BOULEVARES",351
"LOS CALLEJONES",3544
"LOS CARDALES",230
"LOS CARDOS",3401
"LOS CASTILLOS",383
"LOS CEDROS",3547
"LOS CERRILLOS (PROV. CORDOBA, DTO RIO SECO)",3522
"LOS CERRILLOS (PROV. CORDOBA, DTO. SAN JAVIER)",3544
"LOS CHAÑARES",3521
"LOS CHANARITOS",3576
"LOS CHARRUAS",345
"LOS CHIRIGÜANOS",3711
"LOS CIPRESES",2945
"LOS CISNES",3584
"LOS CLAVELES",260
"LOS COCOS",3548
"LOS CONDORES",3571
"LOS CONQUISTADORES",3458
"LOS FRENTONES",364
"LOS GUNDOS",3574
"LOS GUTIERREZ",381
"LOS HORCONES",2624
"LOS HORNILLOS",3544
"LOS JAGUELES",3582
"LOS JURIES",3857
"LOS LAPACHOS - EST. MAQUINISTA VERON",388
"LOS LAURELES",3482
"LOS LEONES",3549
"LOS LIMITES",3522
"LOS MANANTIALES (PROV. CORDOBA)",3544
"LOS MANANTIALES (PROV. JUJUY)",388
"LOS MEDANITOS",3542
"LOS MENUCOS (PROV.  NEUQUEN)",2948
"LOS MENUCOS (PROV.  RIO NEGRO)",2940
"LOS MOLINOS (PROV.  CORDOBA)",3547
"LOS MOLINOS (PROV.  LA RIOJA)",3827
"LOS MOLINOS (PROV.  SANTA FE)",3464
"LOS MOLLES (PROV.  CORDOBA, DTO. COLON)",3525
"LOS MOLLES (PROV.  CORDOBA, DTO. RIO CUARTO)",358
"LOS MOLLES (PROV.  MENDOZA)",260
"LOS MOLLES (PROV.  SAN LUIS)",2656
"LOS NACIMIENTOS",3835
"LOS NOGALES (PROV.  SANTA FE)",3467
"LOS NOGALES (PROV.  TUCUMAN)",381
"LOS NUÑEZ",385
"LOS ORTIZ",223
"LOS OVEROS",2658
"LOS PALACIOS (PROV. LA RIOJA)",3825
"LOS PENITENTES",2624
"LOS PINOS",2266
"LOS POZOS",3522
"LOS QUIROGA",385
"LOS QUIRQUINCHOS",3465
"LOS RALOS",3869
"LOS REARTES",3546
"LOS ROBLES",3827
"LOS ROMEROS",3544
"LOS SALADILLOS",3491
"LOS SARMIENTOS",3865
"LOS SAUCES",2622
"LOS SORIA",385
"LOS SURGENTES",3467
"LOS TAJAMARES",3522
"LOS TALAS",383
"LOS TELARES",3856
"LOS TOLDOS (PROV.  BUENOS AIRES)",2358
"LOS TOLDOS (PROV.  SALTA)",3878
"LOS TRES RIOS",3522
"LOS VARELA",3835
"LOS ZORROS",353
"LOTEO CAVERO Y BARRIO LA COLMENA",261
"LOTE PALOS BLANCOS",3888
"LOZADA",3572
"LUAN TORO",2338
"LUCA",353
"LUCAS GONZALEZ",3435
"LUCIO VICENTE LOPEZ",3476
"LUCIO VICTOR MANSILLA",3521
"LUGONES",3844
"LUIS BURELA",3877
"LUIS PALACIOS",3476
"LUJAN DE CUYO",261
"LUJAN (PROV.  BUENOS AIRES)",2323
"LUJAN (PROV.  SAN LUIS)",2651
"LULES",381
"LUQUE",3573
"LURACATAO",3868
"LUTTI",3546
"LUYABA",3544
"MACACHIN",2953
"MACHAGAI",3734
"MACIA",3445
"MACIEL",3476
"MACO",385
"MAGDALA",2396
"MAGDALENA",2221
"MAGGIOLO",3462
"MAILIN",3844
"MAIMARA",388
"MAIPU (PROV.  BUENOS AIRES)",2268
"MAIPU (PROV.  MENDOZA)",261
"MAIZ NEGRO",3886
"MAKALLE",362
"MALABRIGO",3482
"MALAGUEÑO",351
"MALANZAN",3826
"MALARGÜE",260
"MALBRAN",3857
"MALENA",3582
"MALLIGASTA",3825
"MALVINAS",3777
"MALVINAS ARGENTINAS",351
"MAMUEL CHOIQUE",2940
"MANANTIALES (PROV. CATAMARCA)",383
"MANANTIALES (PROV. CORRIENTES)",3782
"MANFREDI",3572
"MANSILLA",3445
"MANSUPA",3858
"MANUCHO",342
"MANUEL DERQUI",379
"MANUEL F MANTILLA",3777
"MANUEL GARCIA FERNANDEZ",381
"MANUEL OCAMPO",2477
"MAQUINCHAO",2940
"MAQUINISTA GALLINI",3575
"MAQUINISTA SAVIO",348
"MAQUITO",385
"MARAYES",264
"MARCELINO ESCALADA",3498
"MAR CHIQUITA",223
"MARCOS JUAREZ",3472
"MARCOS PAZ",220
"MAR DE AJO",2257
"MAR DEL PLATA",223
"MAR DEL SUR",2291
"MARGARITA",3483
"MARGARITA BELEN",362
"MARIA CRISTINA",3711
"MARIA ELINA",3444
"MARIA GRANDE",343
"MARIA GRANDE SEGUNDA SUR",343
"MARIA JUANA",3406
"MARIA LUISA",3497
"MARIA  MAGDALENA",3751
"MARIANO ACOSTA",220
"MARIANO BENITEZ",2477
"MARIANO MORENO",2942
"MARIA SUSANA",3401
"MARIA TERESA",3462
"MARTIN DE LOYOLA",2658
"MARTINEZ DE HOZ",2355
"MARULL",3563
"MATARA",3855
"MATHEU",348
"MATILDE",342
"MATORRALES",3573
"MATTALDI",3583
"MAURICIO HIRSCH",2395
"MAURICIO MAYER",2333
"MAXIMO PAZ",3460
"MAYOR BURATOVICH",291
"MBURUCUYA",3782
"MECHITA",2342
"MECHONGUE",2266
"MEDANITOS",3837
"MEDANOS (PROV.  BUENOS AIRES)",2927
"MEDANOS (PROV.  ENTRE RIOS)",3444
"MEDELLIN",3845
"MEDIA NARANJA",3549
"MEDRANO",263
"MELINCUE",3465
"MELO",3385
"MENCUE",2940
"MENDIOLAZA",3543
"MENDOZA",261
"MERCEDES (PROV.  BUENOS AIRES)",2324
"MERCEDES (PROV.  CORRIENTES)",3773
"MERCEDES (PROV.  SAN LUIS)",2657
"MERLO (PROV.  BUENOS AIRES)",220
"MERLO (PROV.  SAN LUIS)",2656
"METAN",3876
"METILEO",2302
"M. H. ALFONZO",2477
"MICAELA CASCALLARES",2983
"MIGUEL CANE",2333
"MIGUEL RIGLOS",2953
"MILAGRO",3826
"MINA CLAVERO",3544
"MINA FARALLON NEGRO",3835
"MINA NUEVE DE OCTUBRE",388
"MINA PAN DE AZUCAR",3885
"MINA PIRQUITA",3885
"MINA SIJES",387
"MINA TINCALAYU",387
"MINERA DEL ALTIPLANO",3835
"MINERVA",3855
"MINISTRO RAMOS MEXIA",2934
"MIRAFLORES (PROV. CATAMARCA)",383
"MIRAFLORES (PROV. JUJUY)",3888
"MIRAMAR (PROV.  BUENOS AIRES)",2291
"MIRAMAR (PROV.  CORDOBA)",3563
"MIRANDA",3825
"MISION CHAQUEÑA",3878
"MISION TACAAGLE",3718
"MOCORETA",3775
"MOCTEZUMA",2395
"MOGNA ",2647
"MOISES VILLE",3409
"MOJON DE FIERRO",370
"MOJONES SUR",3455
"MOJON GRANDE",3754
"MOLINO DOLL",3436
"MOLINOS",3868
"MONES CAZON",2396
"MONIGOTES",3409
"MONJE",3466
"MONTE",2271
"MONTEAGUDO",3891
"MONTE AYMOND",2966
"MONTE BUEY",3467
"MONTECARLO",3751
"MONTECASEROS",263
"MONTE CASEROS",3775
"MONTE COMAN",260
"MONTE CRISTO",351
"MONTE DE LOS GAUCHOS",3585
"MONTE DEL ROSARIO",3575
"MONTEFIORE",3491
"MONTE HERMOSO",2921
"MONTE LEÑA",3537
"MONTE MAIZ",3468
"MONTE NIEVAS",2334
"MONTE POTRERO",383
"MONTE QUEMADO",3841
"MONTE RALO",3547
"MONTEROS",3863
"MONTERRICO",388
"MONTES DE OCA",3471
"MONTE VERA",342
"MOQUEHUA",2346
"MOREA",2317
"MORENO",237
"MORRISON",3537
"MORSE",236
"MORTERITOS",3542
"MORTEROS",3562
"MOSCONI",2345
"MOUSSY",3482
"MURPHY",3462
"MUSSI",3542
"MUTQUIN",3835
"NACATE",3826
"ÑACUÑAN",260
"NAHUEL MAPA",2658
"NAHUEL MAPI",2972
"ÑANDUCITA",3408
"NAPALEOFU",2261
"NAPENAY",364
"NARE",3498
"NASCHEL",2656
"NAUNAUCO",2948
"NAVARRO",2272
"NAVIA",2658
"NAZARENO",3885
"NECOCHEA",2262
"NEGRO HUASI",3548
"NELSON",342
"NEUQUEN",299
"NICANOR E. MOLINAS",3482
"NICOLAS BRUZONE",3583
"NINALQUIN",3542
"NIQUIVIL",2647
"NOETINGER",3472
"NOGOYA",3435
"NONO",3544
"NONOGASTA",3825
"NORBERTO DE LA RIESTRA",2343
"NORCO",3862
"ÑORQUINCO",294
"NORUMBEGA",2317
"NUESTRA SEÑORA DE TALAVERA",3877
"NUEVA ANDALUCIA",3574
"NUEVA CONETA",383
"NUEVA ESCOCIA",345
"NUEVA ESPERANZA",3861
"NUEVA FRANCIA",3845
"NUEVA GALIA",2658
"NUEVA PLATA",2396
"NUEVA POMPEYA",3715
"NUEVA ROMA",291
"NUEVA VIZCAYA",3454
"NUEVO TORINO",3496
"OASIS",3743
"OBERA",3755
"OBISPO TREJO",3575
"O' BRIEN",2342
"OBSERVATORIO",3547
"O´HIGGINS",236
"OJO DE AGUA  (PROV. CORDOBA, DTO MINAS)",3542
"OJO DE AGUA (PROV. CORDOBA, DTO. SAN ALBERTO)",3544
"OJO DE AGUA (PROV. SANTIAGO DEL ESTERO)",3856
"OJO DE AGUA SUR (PROV. CORDOBA, DTO MINAS)",3542
"OJOS DE AGUA",2940
"OLACAPATO",387
"OLAETA",358
"OLAROZ CHICO",3887
"OLAVARRIA",2284
"OLIDEN",221
"OLIVA",3532
"OLIVERA",2323
"OLIVEROS",3476
"OLTA",3826
"ONAGOITY",3387
"ONCATIVO",3572
"ONGAMIRA",3548
"OPEN DOOR",2323
"ORAN",3878
"ORATORIO",3885
"ORDOÑEZ",3537
"ORENSE",2982
"ORIENTE",2983
"ORO GRUESO",3548
"ORO VERDE",343
"OSVALDO MAGNASCO",345
"PACARA",381
"PADRE LOZANO",3878
"PAGANCILLO",3825
"PAGO REDONDO",3777
"PAJONAL",3436
"PALACIOS",3409
"PALA PALA",3869
"PALAVECINO",3446
"PALEMON HUERGO",2346
"PALMA SOLA (PROV. FORMOSA)",3718
"PALMA SOLA (PROV. JUJUY)",3886
"PALMIRA",263
"PALO BLANCO",3837
"PALO LABRADO",383
"PALO NEGRO",3857
"PALO SANTO",370
"PALPALA",388
"PAMPA ALMIRON",3725
"PAMPA BLANCA",388
"PAMPA DEL INDIO",3725
"PAMPA DEL INFIERNO",364
"PAMPA DE LOS GUANACOS",3841
"PAMPAYASTA SUR",3532
"PAMPICHUELA",3886
"PANAHOLMA",3544
"PANAMBI KM 15",3754
"PANAMBI KM8",3754
"PANCHO CUE",3772
"PAPAGALLOS",2656
"PARADA ROBLES",2323
"PARAJE CHACHIN (PROV. NEUQUEN, DTO. LACAR)",2972
"PARAJE EL TALADRO",2226
"PARAJE ESTINGANA",3772
"PARAJE HUARACO",2948
"PARAJE LOS HORNOS",2335
"PARAJE MARUCHAS",3777
"PARAJE PILMATUHE (PROV. NEUQUEN, DTO. LONCOPUE)",2942
"PARAJE SAN ISIDRO",3777
"PARAJE SANTILLAN",3777
"PARAJE SAUCE CHICO",291
"PARANA",343
"PARAPETI",3888
"PAREDITAS",2622
"PARERA (PROV.  ENTRE RIOS)",3446
"PARERA (PROV.  LA PAMPA)",2331
"PARQUE INDUSTRIAL PILAR",230
"PARQUE LURO",2954
"PARQUE NACIONAL SIERRA DE LAS QUIJADAS",2651
"PASCANAS",353
"PASCO",353
"PASO AGUERRE",2942
"PASO ALEGRE",3782
"PASO BUENA VISTA",3773
"PASO DE INDIOS",280
"PASO DE JAMA",3887
"PASO DE LA PATRIA",379
"PASO DEL DURAZNO",358
"PASO DE LOS LIBRES",3772
"PASO DEL SAPO",2945
"PASO DE SICO",387
"PASO FLORENTIN",3781
"PASO GRANDE",2655
"PASO HUEMULES",2903
"PASO MEDINA",3437
"PASO POTRILLO",3437
"PASO ROBALLOS",2963
"PASO VIEJO",3549
"PASO YUCON",2972
"PASTEUR",2355
"PASTOR BRITOS",3446
"PASTOS BLANCOS",2903
"PASTOS CHICOS",3887
"PATA MORA",260
"PATQUIA",380
"PATRICIOS",2317
"PAVON",3400
"PAVON ARRIBA",3469
"PAYOGASTA",3868
"PEARSON",2477
"PEDERNALES",2343
"PEDERNAL (PROV.  ENTRE RIOS)",345
"PEDERNAL (PROV.  SAN JUAN)",264
"PEDRO E VIVAS",3574
"PEDRO GOMEZ CELLO",3483
"PEDRO LURO",2928
"PEHUAJO",2396
"PEHUAJO SUR",3446
"PELLEGRINI",2392
"PERDICES",3446
"PEREZ",341
"PEREZ MILLAN",3329
"PERGAMINO",2477
"PERICO",388
"PERITO MORENO",2963
"PERUGORRIA",3773
"PEYRANO",3460
"PHILIPPS",263
"PIAMONTE",3401
"PICHAIHUE",2948
"PICHANAL",3878
"PICHANAS",3549
"PICHI HUINCA",2335
"PICO TRUNCADO",297
"PICUN LEUFU",2942
"PIEDRA ANCHA",3549
"PIEDRA DEL AGUILA",2942
"PIEDRA PARADA",2945
"PIEDRA PINTADA",3544
"PIEDRAS ANCHAS",3542
"PIEDRAS BLANCAS",3438
"PIEDRAS GRANDES",3548
"PIEDRITAS (PROV. BUENOS AIRES)",3388
"PIEDRITAS (PROV. JUJUY)",3888
"PIERES",2262
"PIGÜE",2923
"PILA",2242
"PILAR (PROV.  BUENOS AIRES)",230
"PILAR (PROV.  CORDOBA)",3572
"PILAR (PROV.  SANTA FE)",3404
"PILCANIYEU",294
"PILOLIL",2972
"PILQUINIYEU DEL LIMAY",2940
"PINAMAR",2254
"PINCEN",2336
"PINCHAS",3827
"PIÑEYRO",3455
"PINTO",3857
"PINZON",2477
"PIPINAS",2221
"PIQUETE CABADO ",3877
"PIQUILLIN",3574
"PIRANE",370
"PIROVANO",2314
"PITUIL",3825
"PLA",2346
"PLAYA CHAPADMALAL",223
"PLAYADITO",3758
"PLAYA UNION",280
"PLAZA DE MULAS",2624
"PLAZA LUXARDO",3564
"PLOMMER",220
"PLOTTIER",299
"PLUMA DE PATO",3878
"POBLET",221
"POCITO",264
"POLVAREDAS (PROV.  BUENOS AIRES)",2344
"POLVAREDAS (PROV.  MENDOZA)",2624
"POMAN",3835
"POMANCILLO",383
"POMONA",2946
"PONTEVEDRA",220
"PORTEÑA",3564
"POSADAS",376
"POSTA DE LOZANO",388
"POTRERILLOS",2624
"POTRERO DE GARAY",3547
"POTRERO DE LOS FUNES",266
"POTRERO DE LUJAN",3546
"POTRERO GRANDE",3825
"POZO BETBEDER",3861
"POZO BORRADO",3491
"POZO DE LA LOMA",3576
"POZO DEL MOLLE",353
"POZO DE LOS ALGARROBOS (PROV. SAN JUAN, DTO. CAUCETE)",264
"POZO DEL TALA",2651
"POZO DEL TIGRE",3715
"POZO HONDO",3858
"POZO NUEVO",3522
"POZUELOS",3858
"PRAHUANIYEU",2940
"PRESIDENCIA DE LA PLAZA",3734
"PRESIDENCIA ROCA",3725
"PRESIDENCIA ROQUE SAENZ PEÑA",364
"PRESIDENTE ROCA",3492
"PROGRESO",3497
"PRONUNCIAMIENTO",3442
"PROVIDENCIA",3497
"PUAN",2923
"PUEBLITO",3436
"PUEBLO ANDINO",3476
"PUEBLO BELGRANO",3446
"PUEBLO BELLOCQ",3438
"PUEBLO BRUGO",343
"PUEBLO CLODOMIRO DIAZ",3735
"PUEBLO DEL VALLE",2345
"PUEBLO ESTHER",3402
"PUEBLO GUARANI",3755
"PUEBLO IBICUY",3446
"PUEBLO ITALIANO",3463
"PUEBLO LIBERTADOR",3777
"PUEBLO MUÑOZ",3469
"PUEBLO SAN MARTIN",343
"PUEBLO VIEJO (PROV. JUJUY)",3887
"PUEBLO VIEJO (PROV. TUCUMAN, DTO. COCHA)",3865
"PUEBLO VIEJO (PROV. TUCUMAN, DTO. MONTEROS)",3863
"PUELCHES",2952
"PUELEN",2338
"PUENTE DEL INCA",2624
"PUENTE LAVAYEN",3888
"PUENTE PICUN LEUFU",2942
"PUERTA DEL CORRAL QUEMADO",3835
"PUERTO ALGARROBO",3437
"PUERTO BASTIANI",362
"PUERTO BELGRANO",2932
"PUERTO BERMEJO",362
"PUERTO DESEADO",297
"PUERTO ESPERANZA",3757
"PUERTO GABOTO",3476
"PUERTO IGUAZU",3757
"PUERTO LEONI",3743
"PUERTO LIBERTAD",3757
"PUERTO MADRYN",280
"PUERTO PIRAMIDE",280
"PUERTO PIRAY",3751
"PUERTO RECONQUISTA",3482
"PUERTO RICO",3743
"PUERTO RUIZ",3444
"PUERTO SAN ANTONIO ESTE",2934
"PUERTO SANTA CRUZ",2962
"PUERTO TIROL",362
"PUERTO YERUA",345
"PUESTO DE AFUERA",3574
"PUESTO VIEJO",388
"PUIGGARI",343
"PUJATO",3464
"PUNTA ALTA",2932
"PUNTA BANDERA",2902
"PUNTA DEL AGUA (PROV. CATAMARCA)",3837
"PUNTA DEL AGUA  (PROV. CORDOBA, DTO. RIO CUARTO)",3585
"PUNTA DEL AGUA  (PROV. CORDOBA, DTO. TERCERO ARRIBA)",353
"PUNTA DEL AGUA (PROV.  SAN JUAN)",264
"PUNTA DEL AGUA  (PROV.  SAN LUIS)",2656
"PUNTA DEL MEDANO",264
"PUNTA DEL MONTE",264
"PUNTA DE LOS LLANOS",3826
"PUNTA DE VACAS",2624
"PUNTA INDIO",2221
"PURMAMARCA",388
"QUEBRACHO HERRADO",3564
"QUEBRACHO LADEADO",3544
"QUEHUE",2952
"QUEMU QUEMU",2333
"QUENUMA",2394
"QUETREQUEN",2331
"QUILI MALAL",2942
"QUILINO",3521
"QUILMES",3869
"QUIMILI",3843
"QUINES",2651
"QUINTUCO",2948
"QUIROGA",2317
"QUIROS",3832
"QUITILIPI",364
"RACO",381
"RAFAELA",3492
"RAFAEL GARCIA",3547
"RAFAEL OBLIGADO",2475
"RAICES",3455
"RAMALLO",3407
"RAMAYON",3498
"RAMONA",3492
"RAMON BIAUS",2346
"RAMON J. CARCANO",353
"RAMON SANTAMARINA",2264
"RANCAGUA",2477
"RANCHILLOS",3869
"RANCHOS",2241
"RANCUL",2331
"RANQUIHUAU",2945
"RANQUIL NORTE",260
"RANQUILON",2948
"RAPELLI",3861
"RAQUEL",3493
"RAUCH",2297
"RAWSON (PROV.  BUENOS AIRES)",2352
"RAWSON (PROV.  CHUBUT)",280
"REAL DEL PADRE",2625
"REALICO",2331
"REAL SAYANA",3844
"RECALDE",2314
"RECONQUISTA",3482
"RECREO (PROV.  CATAMARCA)",3832
"RECREO (PROV.  SANTA FE)",342
"REDUCCION",263
"RESISTENCIA",362
"RETA",2983
"REYES",388
"RIACHO HE-HE",3718
"RIACHUELO",379
"RICARDONE",3476
"RINCONADA",3885
"RINCON DE LOS SAUCES",299
"RINCON (PROV.  CATAMARCA)",3835
"RINCON (PROV.  CORDOBA)",3573
"RINCON (PROV.  ENTRE RIOS)",3436
"RIOBAMBA",3385
"RIO CEBALLOS",3543
"RIO CHICO",294
"RIO COLORADO (PROV. RIO NEGRO)",2931
"RIO COLORADO (PROV. TUCUMAN)",3863
"RIO CUARTO",358
"RIO DEL NIO",3894
"RIO DE LOS SAUCES",358
"RIO DEL VALLE",3877
"RIO GALLEGOS",2966
"RIO GRANDE (PROV.  TIERRA DEL FUEGO)",2964
"RIO MAYO",2903
"RIO PICO",2945
"RIO PIEDRAS",3876
"RIO PRIMERO",3574
"RIO QUINTO",2657
"RIO SECO",3863
"RIO SEGUNDO",3572
"RIO TALA",3329
"RIO TERCERO",3571
"RIO TURBIO",2902
"RIO VILLEGAS",294
"RIVADAVIA (PROV.  MENDOZA)",263
"RIVADAVIA (PROV.  SALTA)",3878
"RIVADAVIA (PROV.  SANTA FE)",3496
"RIVERA",2935
"ROBERTS",2355
"ROCAMORA",3445
"RODEO",2647
"RODEO DE LA CRUZ",261
"RODEO DEL MEDIO",261
"RODEO VIEJO",358
"RODRIGUEZ PEÑA",263
"ROJAS",2475
"ROLDAN",341
"ROLON",2953
"ROMANG",3482
"ROOSEVELT",2337
"ROQUE PEREZ",2227
"ROSALES",3385
"ROSARIO",341
"ROSARIO DE COLANA",3835
"ROSARIO DE LA FRONTERA",3876
"ROSARIO DE LERMA",387
"ROSARIO DEL TALA",3445
"ROSPENTEK",2902
"RUEDA",3400
"RUFINO",3382
"RUIZ DE MONTOYA",3743
"RUMIACO",3542
"SAAVEDRA",2923
"SACANTA",3533
"SACHAYOJ",3841
"SAFORCADA",236
"SAGRADA FAMILIA",3542
"SAGUIER",3492
"SAIRA",3472
"SALADAS",3782
"SALADERO M CABAL",3405
"SALADILLO (PROV.  BUENOS AIRES)",2344
"SALADILLO (PROV.  CORDOBA)",3467
"SALAR DE POCITOS",387
"SALAVINA",3856
"SALAZAR",2393
"SALDAN",3543
"SALDUNGARAY",291
"SALICAS",3827
"SALINAS DEL BEBEDERO",266
"SALLIQUELO",2394
"SALSACATE",3542
"SALSIPUEDES",3543
"SALTA",387
"SALTO",2474
"SALTO DEL MOCONA",3755
"SALTO GRANDE",3476
"SALVADOR MARIA",2227
"SALVADOR MAZZA",3873
"SAMPACHO",3582
"SAMUHU",3735
"SANABRIA",353
"SAN AGUSTIN DEL VALLE FERTIL",2646
"SAN AGUSTIN (PROV.  BUENOS AIRES)",2266
"SAN AGUSTIN (PROV.  CORDOBA)",3547
"SAN AGUSTIN (PROV.  SALTA)",387
"SAN AGUSTIN (PROV.  SANTA FE)",342
"SAN AMBROSIO",358
"SAN ANDRES",381
"SAN ANDRES DE GILES",2325
"SAN ANTONIO DE ARECO",2326
"SAN ANTONIO DE ARREDONDO",3541
"SAN ANTONIO DE LA PAZ (PROV. CATAMARCA, DTO. LA PAZ)",3832
"SAN ANTONIO DE LITIN",3537
"SAN ANTONIO DE LOS COBRES",387
"SAN ANTONIO DE OBLIGADO",3482
"SAN ANTONIO OESTE",2934
"SAN ANTONIO PACLIN",383
"SAN ANTONIO (PROV. CATAMARCA)",3832
"SAN ANTONIO (PROV.  CORDOBA)",3549
"SAN ANTONIO (PROV.  CORRIENTES)",3775
"SAN ANTONIO (PROV.  JUJUY, DTO EL CARMEN)",388
"SAN ANTONIO (PROV. JUJUY, DTO SAN PEDRO)",3888
"SAN ANTONIO (PROV.  LA RIOJA)",3821
"SAN ANTONIO (PROV.  MISIONES)",3741
"SAN ANTONIO SUR (PROV.  CATAMARCA)",3832
"SAN BASILIO",3585
"SAN BENITO",343
"SAN BERNARDO (PROV.  BUENOS AIRES)",2257
"SAN BERNARDO (PROV.  CHACO)",3735
"SAN BERNARDO (PROV.  SANTA FE)",3491
"SAN CARLOS CENTRO",3404
"SAN CARLOS DE BARILOCHE",294
"SAN CARLOS MINAS",3542
"SAN CARLOS NORTE",3404
"SAN CARLOS (PROV. CORRIENTES)",3758
"SAN CARLOS (PROV.  SALTA)",3868
"SAN CAYETANO",2983
"SAN CIPRIANO",3442
"SAN CLEMENTE",3547
"SAN CLEMENTE DEL TUYU",2252
"SAN COSME",379
"SAN CRISTOBAL",3408
"SANCTI SPIRITU",3462
"SAN EDUARDO",3462
"SAN EDUARDO DEL MAR",2291
"SAN ENRIQUE",2345
"SAN ESTEBAN",3548
"SAN EUGENIO",3404
"SAN FABIAN",3466
"SAN FELIPE",3876
"SAN FERNANDO",3835
"SANFORD",3464
"SAN FRANCISCO DE BELLOCQ",2982
"SAN FRANCISCO DE LAISHI",370
"SAN FRANCISCO DEL CHAÑAR",3522
"SAN FRANCISCO DEL MONTE DE ORO",2651
"SAN FRANCISCO DE SANTE FE",3462
"SAN FRANCISCO (PROV. CORDOBA)",3564
"SAN FRANCISCO (PROV. JUJUY)",3886
"SAN GENARO",3401
"SAN GENARO NORTE",3401
"SAN GERMAN",2925
"SAN GREGORIO",3382
"SAN GUILLERMO",3562
"SAN GUSTAVO",3437
"SAN HILARIO",370
"SAN IGNACIO",376
"SAN IGNACIO SUR",3546
"SAN JAIME DE LA FRONTERA",3458
"SAN JAVIER (PROV.  CORDOBA)",3544
"SAN JAVIER (PROV.  MISIONES)",3754
"SAN JAVIER (PROV.  RIO NEGRO)",2920
"SAN JAVIER (PROV.  SANTA FE)",3405
"SAN JAVIER (PROV.  TUCUMAN)",381
"SAN JERONIMO",3542
"SAN JERONIMO DEL SAUCE",3404
"SAN JERONIMO NORTE",3404
"SAN JERONIMO SUR",341
"SAN JOAQUIN",3385
"SAN JORGE (PROV.  BUENOS AIRES)",2286
"SAN JORGE (PROV. CORDOBA)",3525
"SAN JORGE (PROV.  SANTA FE)",3406
"SAN JOSE DE FELICIANO",3458
"SAN JOSE DE LA DORMIDA",3521
"SAN JOSE DE LA ESQUINA",3467
"SAN JOSE DE LAS SALINAS",3521
"SAN JOSE DEL MORRO",2655
"SAN JOSE DEL RINCON",342
"SAN JOSE NORTE",3838
"SAN JOSE (PROV.  CATAMARCA)",383
"SAN JOSE (PROV.  CORDOBA)",3544
"SAN JOSE (PROV.  ENTRE RIOS)",3447
"SAN JOSE (PROV.  MENDOZA, DTO. LAVALLE)",261
"SAN JOSE (PROV. MENDOZA, DTO. TUPUNGATO)",263
"SAN JOSE (PROV.  MISIONES)",3758
"SAN JUAN",264
"SAN JUANCITO SUR",388
"SAN JUAN DE MISA RUMI ",3885
"SAN JUAN DE QUILLAQUES",3887
"SAN JULIAN",2962
"SAN JUSTO (PROV.  ENTRE RIOS)",3442
"SAN JUSTO (PROV.  SANTA FE)",3498
"SAN LORENZO (PROV.  CORRIENTES)",3782
"SAN LORENZO (PROV. SALTA)",387
"SAN LORENZO (PROV.  SANTA FE)",3476
"SAN LUIS DEL PALMAR",379
"SAN LUIS (PROV.  SALTA)",387
"SAN LUIS (PROV. SAN LUIS)",266
"SAN MANUEL (PROV.  BUENOS AIRES)",2261
"SAN MANUEL (PROV.  SANTA FE)",3482
"SAN MARCOS SIERRA",3549
"SAN MARCOS SUD",3537
"SAN MARIANO",3404
"SAN MARTIN DE LAS ESCOBAS",3406
"SAN MARTIN DE LOS ANDES",2972
"SAN MARTIN NORTE",3498
"SAN MARTIN (PROV.  CATAMARCA)",3832
"SAN MARTIN (PROV.  FORMOSA)",3716
"SAN MARTIN (PROV.  MENDOZA)",263
"SAN MARTIN (PROV.  MISIONES)",3755
"SAN MARTIN (PROV.  SAN JUAN)",264
"SAN MARTIN (PROV.  SAN LUIS)",2656
"SAN MIGUEL ARCANGEL",2924
"SAN MIGUEL DE TUCUMAN",381
"SAN MIGUEL (PROV. CATAMARCA)",3835
"SAN MIGUEL (PROV.  CORDOBA)",3544
"SAN MIGUEL (PROV.  CORRIENTES)",3781
"SAN MIGUEL (PROV. LA RIOJA)",3825
"SAN NICOLAS",336
"SAÑOGASTA",3825
"SAN PABLO (PROV. CATAMARCA)",383
"SAN PABLO (PROV. MENDOZA)",2622
"SAN PABLO (PROV. TUCUMAN)",381
"SAN PATRICIO DEL CHAÑAR",299
"SAN PEDRO DE COLALAO",3862
"SAN PEDRO  DE TOYOS",3521
"SAN PEDRO (PROV.  BUENOS AIRES)",3329
"SAN PEDRO(PROV . CATAMARCA,  DTO. CAPAYAN)",383
"SAN PEDRO (PROV.  CATAMARCA, DTO. SANTA ROSA)",383
"SAN PEDRO (PROV.  JUJUY)",3888
"SAN PEDRO (PROV.  LA RIOJA)",3827
"SAN PEDRO (PROV.  MISIONES)",3751
"SAN PEDRO (PROV. SANTIAGO DEL ESTERO, DTO. CHOYA)",3854
"SAN PEDRO (PROV. SANTIAGO DEL ESTERO, DTO. GUASAYAN)",3854
"SAN RAFAEL (PROV. CORDOBA)",3544
"SAN RAFAEL (PROV. MENDOZA)",260
"SAN ROMAN ",2921
"SAN ROMAN",2921
"SAN ROQUE (PROV.  CORRIENTES)",3777
"SAN ROQUE  (PROV.  SAN JUAN)",2647
"SAN ROQUE (PROV.  SAN LUIS)",266
"SAN SALVADOR",345
"SAN SALVADOR DE JUJUY",388
"SAN SEBASTIAN",2346
"SANSINENA",2337
"SANTA ANA (PROV.  CORDOBA, DTO. SANTA MARIA)",3547
"SANTA ANA (PROV. CORDOBA, DTO. SOBREMONTE)",3522
"SANTA ANA (PROV.  CORRIENTES)",379
"SANTA ANA (PROV.  ENTRE RIOS)",3456
"SANTA ANA (PROV. JUJUY)",3887
"SANTA ANA (PROV.  MISIONES)",376
"SANTA ANA (PROV.  TUCUMAN)",3865
"SANTA ANITA",3445
"SANTA CELINA",223
"SANTA CLARA",3888
"SANTA CLARA DE BUENA VISTA",3404
"SANTA CLARA DEL MAR",223
"SANTA CLARA DE SAGUIER",3492
"SANTA CRUZ (PROV.  CORDOBA)",3521
"SANTA CRUZ (PROV.  LA RIOJA)",3825
"SANTA ELENA",3437
"SANTA ELEODORA",3388
"SANTA EUFEMIA",3584
"SANTA FE",342
"SANTA ISABEL (PROV.  CORDOBA)",351
"SANTA ISABEL (PROV.  LA PAMPA)",2338
"SANTA ISABEL (PROV.  SANTA FE)",3462
"SANTA LUCIA (PROV.  BUENOS AIRES)",3329
"SANTA LUCIA (PROV.  CORRIENTES)",3777
"SANTA LUCIA (PROV.  TUCUMAN)",3863
"SANTA MARGARITA",3491
"SANTA MARIA CENTRO",3404
"SANTA MARIA DE PUNILLA",3541
"SANTA MARIA NORTE",3404
"SANTA MARIA (PROV.  BUENOS AIRES)",2926
"SANTA MARIA (PROV.  CATAMARCA)",3838
"SANTA MARIA (PROV.  ENTRE RIOS)",3454
"SANTA MARIA (PROV. SALTA, DTO. RIVADAVIA)",3873
"SANTA MARIA (PROV. SANTIAGO DEL ESTERO, DTO. CAPITAL)",385
"SANTA REGINA",3382
"SANTA RITA",3755
"SANTA RITA DE CATUNA",3826
"SANTA ROSA DE CALAMUCHITA",3546
"SANTA ROSA DEL CONLARA",2656
"SANTA ROSA DE LEALES",3863
"SANTA ROSA DE RIO PRIMERO",3574
"SANTA ROSA (PROV.  CORRIENTES)",3782
"SANTA ROSA (PROV.  LA PAMPA)",2954
"SANTA ROSA (PROV.  MENDOZA)",263
"SANTA ROSA (PROV.  SANTA FE)",342
"SANTA SYLVINA",3735
"SANTA TERESA (PROV.  LA PAMPA)",2924
"SANTA TERESA (PROV.  SANTA FE)",3460
"SANTA TERESITA",2246
"SANTA VICTORIA ESTE",3873
"SANTA VICTORIA OESTE",3885
"SANTIAGO DEL ESTERO",385
"SANTIAGO TEMPLE",3574
"SANTO DOMINGO (PROV.  BUENOS AIRES)",2268
"SANTO DOMINGO (PROV.  JUJUY)",388
"SANTO DOMINGO (PROV LA RIOJA, DTO. FAMATINA)",3825
"SANTO DOMINGO (PROV.  SANTA FE)",3497
"SANTO DOMINGO (PROV. SANTIAGO DEL ESTERO, DTO. PELLEGRINI)",3861
"SANTO PIPO",376
"SANTO TOMAS (PROV. BUENOS AIRES)",2395
"SANTO TOMAS (PROV. BUENOS AIRES",2395
"SANTO TOMAS (PROV. NEUQUEN)",2942
"SANTO TOME",3756
"SAN VICENTE (PROV.  BUENOS AIRES)",2225
"SAN VICENTE (PROV.  CORDOBA)",3544
"SAN VICENTE (PROV.  MISIONES)",3755
"SAN VICENTE (PROV.  SANTA FE)",3492
"SAN VICTOR",3458
"SA PEREYRA",3404
"SARGENTO CABRAL",3460
"SARMIENTO (PROV.  CHUBUT)",297
"SARMIENTO (PROV.  SANTA FE)",3497
"SASTRE",3406
"SATURNINO M. LASPIUR",3533
"SAUCE",3774
"SAUCE ARRIBA",3544
"SAUCE DE LUNA",3438
"SAUCE PINTO",343
"SAUCE VIEJO",342
"SAUJIL (PROV.  CATAMARCA, DTO. POMAN)",3835
"SAUJIL  (PROV.  CATAMARCA, DTO. TINOGASTA)",3837
"SAUZAL BONITO",299
"SAUZALITO",3715
"SCHAQUI",3827
"SEBASTIAN ELCANO",3522
"SECLANTAS",3868
"SEEBER",3562
"SEGUI",343
"SELVA",3857
"SELVAS DEL RIO DE ORO",3725
"SENILLOSA",299
"SEPAUCAL",280
"SERODINO",3476
"SERRANO",3385
"SERREZUELA",3549
"SEVIGNE",2245
"SGUAZZINI",261
"SIAMBON",381
"SIERRA COLORADA",2940
"SIERRA DE LA VENTANA",291
"SIERRA DE LOS PADRES",223
"SIERRA DE PAREDES",3542
"SIERRA GRANDE",2934
"SIERRA PAILEMAN",2934
"SIERRAS BAYAS",2284
"SIETE PALMAS",3718
"SIJAN",3835
"SILVIO PELLICO",353
"SIMBOL",385
"SIMBOLAR (PROV.  CORDOBA)",3524
"SIMBOLAR (PROV.  SANTIAGO DEL ESTERO)",385
"SIMOCA",3863
"SINGUIL",3835
"SINSACATE",3525
"SMITH",2395
"SOLA",3445
"SOLARI",3773
"SOLCA",3826
"SOLDINI",341
"SOLEDAD",3498
"SOLIS",2326
"SOSA",343
"SOUTO MAYOR",3497
"SPELUZZI",2302
"STROEDER",2920
"SUARDI",3562
"SUCO",3582
"SUIPACHA",2324
"SUMAMPA",3856
"SUNCHALES",3493
"SUNCHO CORRAL",3855
"SURIYACO",3827
"SUSANA",3492
"SUSQUES",3887
"TACAÑITAS",3844
"TACO POZO",3877
"TACO RALO",3891
"TACURAL",3493
"TAFI DEL VALLE",3867
"TAFI VIEJO",381
"TALA CAÑADA",3542
"TAMA",3826
"TAMBERIA",2648
"TAMBERIAS",2647
"TANCACHA",3571
"TANDIL",249
"TANTI",3541
"TAPALQUE",2283
"TAPEBICUA",3772
"TAPSO (PROV. CATAMARCA)",3854
"TAQUIMILAN ABAJO",2948
"TARTAGAL (PROV.  SALTA)",3873
"TARTAGAL (PROV.  SANTA FE)",3482
"TARUMA ",3751
"TATON",3835
"TECKA",2945
"TELEN",2338
"TELLIER",297
"TELSEN",280
"TENIENTE ORIGONE",291
"TEODELINA",3462
"TERMAS DE REYES",388
"TERMAS DE RIO HONDO",3858
"TERMAS VILLAVICENCIO",261
"TEZANOS PINTO",343
"THEOBALD",3400
"TICINO",353
"TIERRITAS",264
"TILCARA",388
"TILISARAO",2656
"TIMBUES",3476
"TIMOTE",2357
"TINOCO",3574
"TINOGASTA",3837
"TINTINA",3846
"TIO PUJIO",353
"TOAY",2954
"TOBANTIRENDA",3873
"TODD",2478
"TOLAR GRANDE",387
"TOLEDO",351
"TOLHUIN",2901
"TOLOMBON",3868
"TOMAS M. DE ANCHORENA",2953
"TORNQUIST",291
"TORO PUJIO",3576
"TORRES",2323
"TORTUGAS",3471
"TORTUGUITAS",2320
"TOSNO",3542
"TOSQUITA",3583
"TOSTADO",3491
"TOTORA HUASI",3549
"TOTORAS",3476
"TOTORILLA",3522
"TRAILL",3406
"TRAMO 16",385
"TRAMO 20",385
"TRANCAS",3862
"TRANSITO",3576
"TREBOLARES",2302
"TRELEW",280
"TRENEL",2302
"TRENETA ",2934
"TRENQUE LAUQUEN",2392
"TRES ALGARROBOS",3388
"TRES ARROYOS",2983
"TRES BOCAS",3444
"TRES CHORROS",2948
"TRES CRUCES",3887
"TRES ISLETAS",364
"TRES LAGOS",2962
"TRES LAGUNAS",3718
"TRES LOMAS",2394
"TRES PORTEÑAS",263
"TRES POZOS (PROV.  CORDOBA)",3571
"TRES POZOS (PROV.  SALTA)",387
"TRES SARGENTOS",2273
"TREVELIN",2945
"TRICAO MALAL",2948
"TROPEZON",2317
"TUDCUM",2647
"TUMBAYA",388
"TUNUYAN",2622
"TUPUNGATO",2622
"TUSAQUILLA",3887
"UBAJAY",345
"UCACHA",353
"UGARTECHE",261
"ULAPES",3821
"UNION",2658
"UNQUILLO",3543
"UQUIA",3887
"URANGA",3469
"URDAMPILLETA",2314
"URDINARRAIN",3446
"URIBELARREA",2226
"URIBURU",2954
"URQUIZA",2477
"URUNDEL",3878
"USHUAIA",2901
"USNO",2646
"USPALLATA",2624
"VALCHETA",2934
"VALDES",2345
"VALLE AZUL",298
"VALLE CAUNTRY CLUB",3547
"VALLE COLORADO",3887
"VALLE EL CAJON",2945
"VALLE GRANDE (PROV. JUJUY)",3886
"VALLE GRANDE (PROV. MENDOZA)",260
"VALLE HERMOSO",3548
"VAQUEROS",387
"VARELA",266
"VAZQUEZ",2983
"VEDIA",2354
"VELA",249
"VENADO TUERTO",3462
"VENTISQUERO PERITO MORENO",2902
"VERA",3483
"VERA Y PINTADO",3498
"VERONICA",2221
"VERTIZ",2302
"VIALE",343
"VICHIGASTA",3825
"VICTORIA",3436
"VICTORICA",2338
"VICUÑA MACKENNA",3583
"VIDELA",3498
"VIEDMA",2920
"VIEYTES",2221
"VILA",3492
"VILLA ALBERTINA",3521
"VILLA ALPINA",3546
"VILLA AMANCAY",3546
"VILLA AMELIA",3402
"VILLA ANA",3482
"VILLA ANGELA",3735
"VILLA ASCASUBI",3571
"VILLA ATAMISQUI",3845
"VILLA ATUEL",2625
"VILLA  ATUEL NORTE",2625
"VILLA BASILIO NIEVAS",264
"VILLA BELGRANO",3865
"VILLA BENJAMIN ARAOZ",3894
"VILLA BERNA",3546
"VILLA BERTHET",3735
"VILLA BONITA",3755
"VILLA CACIQUE",2292
"VILLA CAÑAS",3462
"VILLA CARIÑO",264
"VILLA CARLOS PAZ",3541
"VILLA CARMELA",381
"VILLA CASANA",3821
"VILLA CASTELLI",3825
"VILLA CIUDAD DE AMERICA",3547
"VILLA CONCEPCION DEL TIO",3576
"VILLA CONSTITUCION",3400
"VILLADA",3465
"VILLA DE LA QUEBRADA",266
"VILLA DEL CARMEN",2656
"VILLA DEL DIQUE",3546
"VILLA DEL ROSARIO (PROV.  CORDOBA)",3573
"VILLA DEL ROSARIO (PROV.  ENTRE RIOS)",3456
"VILLA DEL TOTORAL",3524
"VILLA DEL TRANSITO",3576
"VILLA DE MARIA DE RIO SECO",3522
"VILLA DE POCHO",3542
"VILLA DE PRAGA",2656
"VILLA DE SOTO",3549
"VILLA DIQUE LOS MOLINOS",3547
"VILLA DIVISA DE MAYO",3465
"VILLA DOLORES",3544
"VILLA DOS TRECE",370
"VILLA EL CHOCON",299
"VILLA ELISA (PROV.  CORDOBA)",3472
"VILLA ELISA (PROV.  ENTRE RIOS)",3447
"VILLA ELOISA",3471
"VILLA ESQUIU",351
"VILLA FIAD",3863
"VILLA FONTANA (PROV.  CORDOBA)",3575
"VILLA FONTANA (PROV.  ENTRE RIOS)",343
"VILLA FORTABAT",2284
"VILLA FUTALAUFQUEN",2945
"VILLA GENERAL BELGRANO",3546
"VILLA GENERAL GÜEMES",3716
"VILLA GESELL",2255
"VILLA GIARDINO",3548
"VILLA GOBERNADOR ETCHEVERE",343
"VILLA GOBERNADOR GALVEZ",341
"VILLAGUAY",3455
"VILLA GUILLERMINA",3482
"VILLA GUTIERREZ",3521
"VILLA HERNANDARIAS",343
"VILLA HUIDOBRO",2336
"VILLA IBAÑEZ",264
"VILLA IRIS",2925
"VILLA LA ANGOSTURA",294
"VILLA LA MARCED",3547
"VILLA LARCA",2656
"VILLA LA RIBERA",3476
"VILLA LAS ROSAS",3544
"VILLA LIA",2326
"VILLA LIBERTADOR GENERAL SAN MARTIN",343
"VILLALONGA",2928
"VILLA LOS AROMOS",3547
"VILLA LOS MOLINOS NORTE",3547
"VILLA LOS PATOS",3537
"VILLA MANTERO",3445
"VILLA  MANZANO",299
"VILLA MARIA",353
"VILLA MASCARDI",294
"VILLA MAZA",2935
"VILLA MAZAN",3827
"VILLA MEDIA AGUA",264
"VILLA MERCEDES (PROV. SAN JUAN)",2647
"VILLA MINETTI",3491
"VILLA MIRASOL",2333
"VILLA MOLL",2272
"VILLA MUGUETA",3464
"VILLA NOUGUES",381
"VILLANUEVA",2243
"VILLA NUEVA (PROV. CORDOBA)",353
"VILLA NUEVA (PROV. SANTIAGO DEL ESTERO)",3845
"VILLA OCAMPO",3482
"VILLA OLIVARI",3786
"VILLA PARANACITO",3446
"VILLA PARQUE LOS REARTES",3546
"VILLA PEHUENIA",2942
"VILLA QUINTEROS",3863
"VILLA RAFAEL BENEGAS",3544
"VILLA RAMALLO",3407
"VILLA REDUCCION",358
"VILLA REGINA",298
"VILLA RESCATE",3869
"VILLA RETIRO",351
"VILLA RIO BERMEJITO",364
"VILLA RIO HONDO",3858
"VILLA RIO ICHO CRUZ",3541
"VILLA ROSA",230
"VILLA ROSSI",3385
"VILLA ROULET",3751
"VILLARS",220
"VILLA RUIZ",2323
"VILLA RUMIPAL",3546
"VILLA RURAL RIO BLANCO",2945
"VILLA SABOYA",3382
"VILLA SALLES",2657
"VILLA SALTO ENCANTADO",3755
"VILLA SANAGASTA",380
"VILLA SAN ESTEBAN",3533
"VILLA SAN ISIDRO",3547
"VILLA SAN JOSE",3492
"VILLA SAN MARCIAL",3445
"VILLA SAN MARTIN",3845
"VILLA SAN NICOLAS",3541
"VILLA SANTA CRUZ DEL LAGO",3541
"VILLA SANTA MONICA",3546
"VILLA SANTA ROSA",264
"VILLA SARALEGUI",3498
"VILLA SARMIENTO",3583
"VILLA SAUZE",3388
"VILLA TABOSSI",343
"VILLA TRAFUL",294
"VILLA TRINIDAD",3491
"VILLA TULUMBA",3521
"VILLA UNION (PROV. LA RIOJA)",3825
"VILLA UNION (PROV. NEUQUEN)",2942
"VILLA URQUIZA",343
"VILLA VALERIA",3583
"VILLA VENTANA",291
"VILLA VILL",3835
"VILLA YACANTO",3546
"VILLA ZORRAQUIN",345
"VILLISMAN",383
"VILMER",385
"VIÑALITO",3886
"VINARA",3858
"VINCHINA",3825
"VIRREY DEL PINO",2202
"VISTA FLORES",2622
"VIVERO",3446
"VIVORATA",2265
"VOLCAN",388
"VUELTA DE LA BARRANCA",385
"WANDA",3757
"WARNES",2342
"WASHINGTON",3583
"WENCESLAO ESCALANTE",3468
"WHEELWRIGHT",2473
"WINIFREDA",2333
"YACANTO",3544
"YACIMIENTO PETROLIFERO DRESSER RAND ARG.",2966
"YACUI",3873
"YALA",388
"YALA LAUBAT",280
"YAMINUE",2934
"YANDA",385
"YAPEYU",3772
"YATAITY CALLE",3777
"YAVI",3885
"YERUA",345
"YUQUERI",345
"YURUCUA",3772
"YUTO",3886
"ZAPALA",2942
"ZAPATA",2622
"ZARATE",3487
"ZAVALIA",2358
"ZAVALLA",341
"ZELAYA",348
"ZENON PEREYRA",3564
"